文件全称,失败次数
中华人民共和国法律、中华人民共和国行政法规,166
中华人民共和国刑法,110
中华人民共和国国家有关规定,109
中华人民共和国法律、行政法规,105
中华人民共和国安全生产法,101
中华人民共和国国务院,76
中华人民共和国产品质量法,67
,63
中华人民共和国食品安全法,59
中华人民共和国专利法,56
中华人民共和国商标法,56
中华人民共和国法律,53
中华人民共和国国家规定,48
中华人民共和国国务院组织法,47
中华人民共和国商标法实施条例,46
中华人民共和国行政处罚法,44
中华人民共和国行政许可法,42
有关法律、行政法规,41
中华人民共和国国家标准,39
建设工程质量管理条例,38
中华人民共和国民事诉讼法,38
中华人民共和国标准化法,36
中华人民共和国国家知识产权局,36
中华人民共和国保守国家秘密法,34
中华人民共和国认证认可条例,34
中华人民共和国专利法实施细则,33
中华人民共和国立法法,30
中华人民共和国建筑法,29
中华人民共和国国务院专利行政部门,28
中华人民共和国环境保护法,28
中华人民共和国民法典,27
中华人民共和国行政诉讼法,27
中华人民共和国行政法规,27
中华人民共和国建设工程质量管理条例,22
中华人民共和国个人信息保护法,22
中华人民共和国工业产品生产许可证管理条例,20
中华人民共和国行政强制法,19
中华人民共和国网络安全法,19
中华人民共和国进出口商品检验法实施条例,18
中华人民共和国节约能源法,18
中华人民共和国突发事件应对法,17
中华人民共和国公司法,17
中华人民共和国合同法,16
国家有关规定,16
中华人民共和国有关法律、行政法规,16
中华人民共和国进出口商品检验法,16
中华人民共和国政府信息公开条例,15
中华人民共和国消费者权益保护法,15
中华人民共和国地方各级人民代表大会和地方各级人民政府组织法,14
中华人民共和国科学技术进步法,14
中华人民共和国公务员法,14
中华人民共和国法律、中华人民共和国行政法规、国务院决定,13
中华人民共和国生产安全事故报告和调查处理条例,13
有关法律法规,12
中华人民共和国促进科技成果转化法,12
其他有关法律、行政法规,12
建设工程安全生产管理条例,12
中华人民共和国固体废物污染环境防治法,12
中华人民共和国大气污染防治法,12
中华人民共和国城乡规划法,11
中华人民共和国食品安全法实施条例,11
中华人民共和国标准化法实施条例,11
中华人民共和国刑事诉讼法,11
中华人民共和国水污染防治法,10
有关法律、法规,10
中华人民共和国人民法院组织法,10
中华人民共和国海关法,10
中华人民共和国仲裁法,10
国家企业信用信息公示系统,10
中华人民共和国法律法规,10
中华人民共和国价格法,10
中华人民共和国进出境动植物检疫法实施条例,10
中华人民共和国非物质文化遗产法,9
其他有关法律、法规,9
中华人民共和国数据安全法,9
中华人民共和国市场监督管理总局,9
中华人民共和国国务院规定,9
生产安全事故报告和调查处理条例,9
中华人民共和国国务院生态环境主管部门,9
国家认证认可监督管理委员会,9
中华人民共和国海关总署,9
中华人民共和国特种设备安全法,9
中华人民共和国文物保护法,8
中华人民共和国相关法律、法规,8
中华人民共和国国务院标准化行政主管部门,8
法律、行政法规,8
中华人民共和国工商行政管理法,8
中华人民共和国监察法,8
中华人民共和国著作权法,8
国家质量监督检验检疫总局,8
中华人民共和国安全生产许可证条例,8
国家市场监督管理总局,8
国家食品药品监督管理总局,8
中华人民共和国计量法,8
中华人民共和国城市房地产管理法,7
中华人民共和国传染病防治法,7
中华人民共和国有关法律、法规,7
中华人民共和国治安管理处罚法,7
中华人民共和国行政复议法,7
中华人民共和国商业银行法,7
中华人民共和国有关法律法规,7
中华人民共和国劳动合同法,7
中华人民共和国国家市场监督管理总局,7
国家互联网信息办公室,7
中华人民共和国国务院药品监督管理部门,7
中华人民共和国市场监督管理部门规定,7
价格违法行为行政处罚规定,6
中华人民共和国矿产资源法,6
中华人民共和国电力法,6
中华人民共和国企业所得税法,6
中华人民共和国宪法,6
中华人民共和国海事管理机构,6
中华人民共和国人民调解法,6
中华人民共和国国家标准、中华人民共和国行业标准,6
中华人民共和国法律、中华人民共和国行政法规、中华人民共和国部门规章,6
中华人民共和国农产品质量安全法,6
中华人民共和国国务院和中央军事委员会,6
中华人民共和国进出境动植物检疫法,6
建设项目环境保护管理条例,6
中华人民共和国国务院卫生行政部门,6
中华人民共和国水法,6
中华人民共和国民用航空法,6
中华人民共和国消防法,6
中华人民共和国交通运输部,6
中华人民共和国煤矿安全监察条例,6
中华人民共和国职业病防治法,6
缺陷汽车产品召回管理条例,6
安全生产许可证条例,6
中华人民共和国海洋环境保护法,6
中华人民共和国渔业法,5
烟花爆竹安全管理条例,5
中华人民共和国行政监察法,5
中华人民共和国企业所得税法实施条例,5
中华人民共和国反垄断法,5
中华人民共和国国务院有关部门,5
中华人民共和国对外贸易法,5
中华人民共和国国家标准管理办法,5
中华人民共和国国家赔偿法,5
中华人民共和国人民警察法,5
中华人民共和国知识产权法,5
中华人民共和国商业惯例,5
中华人民共和国食品安全国家标准,5
其他法律、行政法规,5
中华人民共和国劳动法,5
中华人民共和国外汇管理条例,5
中华人民共和国税收征收管理法,5
中华人民共和国国家放射性污染防治标准,5
国务院期货监督管理机构,5
中华人民共和国国务院核安全监督管理部门,5
中华人民共和国国务院证券监督管理机构,5
中华人民共和国种子法,5
中华人民共和国防治船舶污染海洋环境管理条例,5
铁路安全管理条例,5
中华人民共和国地方市场监督管理部门,5
中华人民共和国工业和信息化部,5
检验检测机构资质认定管理办法,5
国家安全生产监督管理总局,5
中华人民共和国政务信息共享管理办法,5
中国银行业监督管理委员会,5
专利代理条例,5
国务院优化营商环境条例,4
中华人民共和国教育法,4
中华人民共和国统计法,4
中华人民共和国职业教育法,4
河北省旅游条例,4
中华人民共和国侵权责任法,4
中华人民共和国电信条例,4
有关法律、法规的规定,4
中华人民共和国行业标准,4
中华人民共和国国家和省有关规定,4
中华人民共和国档案法,4
中华人民共和国预算法,4
中华人民共和国有关法律,4
中华人民共和国公司登记管理条例,4
中华人民共和国国家有关法律法规及规范性文件,4
中华人民共和国广告法,4
国家有关部门发布的版权预警重点保护名单,4
中华人民共和国政府采购法,4
计算机软件保护条例,4
国家标准或者行业标准,4
中华人民共和国保险法,4
中华人民共和国国务院知识产权行政部门,4
中华人民共和国省、自治区、直辖市人民政府,4
中华人民共和国环境影响评价法,4
中华人民共和国市场监督管理部门,4
中华人民共和国国务院期货监督管理机构,4
中华人民共和国药品管理法,4
中华人民共和国国境卫生检疫法,4
中华人民共和国公路法,4
中华人民共和国国务院食品安全监督管理部门,4
专利合作条约,4
电力监管条例,4
中华人民共和国银行业监督管理法,4
危险化学品安全管理条例,4
中华人民共和国国家质量监督检验检疫总局,4
中华人民共和国国家知识产权局公告,4
中华人民共和国定量包装商品计量监督管理办法,4
中华人民共和国国家有关标准,4
中华人民共和国中国纤维质量监测中心,4
国家煤矿安全监察局,4
中华人民共和国医疗器械监督管理条例,4
废弃电器电子产品回收处理管理条例,4
互联网信息服务管理办法,4
辽宁省优化营商环境条例,3
中华人民共和国计算机信息系统安全保护条例,3
广西壮族自治区实施〈中华人民共和国城乡规划法〉办法,3
湖南省实施〈中华人民共和国城乡规划法〉办法,3
中华人民共和国民族区域自治法,3
中华人民共和国旅游法,3
陕西省非物质文化遗产条例,3
中华人民共和国国家和省有关公共数据管理的法律法规及规范性文件,3
中华人民共和国国土空间规划,3
中华人民共和国强制性国家标准,3
中华人民共和国反不正当竞争法,3
中华人民共和国地方标准,3
中华人民共和国公安机关组织管理条例,3
国际标准化组织标准,3
湖北省人民政府,3
中华人民共和国工程建设强制性标准,3
中华人民共和国国民经济和社会发展第十四个五年规划和2035年远景目标纲要,3
中华人民共和国相关法律法规,3
中华人民共和国知识产权强国建设纲要（2021—2035年）,3
中华人民共和国生活饮用水卫生标准,3
中华人民共和国国务院公安部门,3
中华人民共和国公安部,3
相关法律、法规,3
中华人民共和国审计法,3
中华人民共和国法律、中华人民共和国行政法规、中华人民共和国规章,3
中国专利奖评选办法,3
中华人民共和国有关部门,3
中华人民共和国招标投标法,3
中华人民共和国会计法,3
中华人民共和国法律、行政法规、部门规章,3
中华人民共和国出版管理条例,3
国家规定,3
中华人民共和国当事人约定,3
中国人民解放军总装备部,3
中华人民共和国个人所得税法,3
中华人民共和国公共信用信息管理条例,3
中华人民共和国缔结或者参加的国际条约、协定,3
中华人民共和国循环经济促进法,3
中华人民共和国相关法律、行政法规,3
中华人民共和国国务院卫生健康主管部门,3
国务院,3
世界知识产权组织国际局,3
中华人民共和国环境噪声污染防治法,3
国家危险废物名录,3
有关法律、行政法规、规章以及强制性标准和技术规范,3
中华人民共和国国家海事管理机构,3
中华人民共和国缔结或者参加的国际条约,3
中华人民共和国政务信息共享条例,3
中华人民共和国国务院有关规定,3
有关规定,3
中华人民共和国特种设备安全技术规范,3
中华人民共和国药品管理法实施条例,3
中华人民共和国国务院自然资源主管部门,3
中华人民共和国危险化学品安全管理条例,3
中华人民共和国农药管理条例,3
中华人民共和国强制性标准,3
中华人民共和国参加的有关国际条约,3
中华人民共和国行政复议法实施条例,3
国务院关于加强食品等产品安全监督管理的特别规定,3
建设工程抗震管理条例,3
棉花质量监督管理条例,3
中华人民共和国计量法实施细则,3
医疗器械监督管理条例,3
中华人民共和国国家安全生产监督管理总局,3
特种作业人员安全技术培训考核管理规定,3
中华人民共和国未成年人保护法,3
其他有关规定,3
安全生产行政处罚自由裁量标准,3
中华人民共和国环境保护部,3
中华人民共和国建设工程安全生产管理条例,3
建设工程勘察设计管理条例,3
中华人民共和国棉花质量监督管理条例,3
中华人民共和国技术规范,3
中华人民共和国国家认证认可监督管理委员会,3
中国版权保护中心,3
中华人民共和国海关总署公告,3
中华人民共和国乘用车燃料消耗量评价方法及指标,3
中华人民共和国法律、中华人民共和国行政法规、中华人民共和国国家标准、中华人民共和国行业标准,3
中华人民共和国国家药品监督管理局,3
四川省工商行政管理局,3
中华人民共和国土壤污染防治法,3
有机产品认证实施规则,3
中华人民共和国污染地块信息系统,3
国家有关环境标准和技术规范,3
中华人民共和国国家标准或者中华人民共和国行业标准,3
中国银行业监督管理委员会规章,3
中华人民共和国考点局,3
安全生产法,3
中华人民共和国电子商务法,3
广西壮族自治区文物保护条例,2
广西壮族自治区食品小作坊小餐饮和食品摊贩管理条例,2
江苏省人民代表大会常务委员会关于加强小餐饮管理的决定,2
中华人民共和国计算机信息网络国际联网管理暂行规定,2
中华人民共和国海南自由贸易港法,2
海南自由贸易港社会信用条例,2
中华人民共和国畜牧法,2
城市供水条例,2
广西壮族自治区乡村规划建设管理条例,2
中华人民共和国标准化管理条例,2
湖北省矿产资源开采管理条例,2
厦门经济特区商事登记条例,2
中华人民共和国国防动员法,2
浙江省安全生产条例,2
江苏省旅游条例,2
江苏省数字经济促进条例,2
突发公共卫生事件应急条例,2
中华人民共和国野生动物保护法,2
全国人民代表大会常务委员会关于维护互联网安全的决定,2
国务院有关部门,2
中华人民共和国法律、法规、规章,2
中华人民共和国人民法院,2
中华人民共和国中央定价目录,2
中华人民共和国企业名称登记管理规定,2
中华人民共和国法律、法规,2
中华人民共和国国务院有关主管部门,2
中华人民共和国企业标准,2
国家和省的有关规定,2
相关法律法规,2
中华人民共和国商标法及其实施细则,2
四川省产品质量监督管理条例,2
国家信息安全等级保护管理规范和技术标准,2
中华人民共和国公安机关,2
中华人民共和国密码法,2
中华人民共和国中国人民银行法,2
法律、法规,2
中华人民共和国行政监督法,2
河北省工商行政管理部门,2
中华人民共和国法律、行政法规等有关法律、法规,2
湖北省工商行政管理部门,2
湖北省著名商标认定委员会,2
中华人民共和国国家有关政策文件,2
中华人民共和国国家相关法律法规,2
中华人民共和国国务院标准化行政主管部门公布的编号规则,2
中华人民共和国国家定价目录,2
有关法律、法规规定,2
中华人民共和国宗教事务条例,2
中华人民共和国国家标准强制性要求,2
中华人民共和国有关主管部门,2
国务院商务主管部门,2
中华人民共和国物权法,2
中华人民共和国社会团体登记管理条例,2
中华人民共和国法律、行政法规、地方性法规和规章,2
中华人民共和国消费者权益保护法实施条例,2
中华人民共和国工商行政管理部门,2
中华人民共和国国家有关部门,2
中华人民共和国国家规定标准,2
乌鲁木齐市城市管理主管部门,2
有关法律,2
中国共产党章程,2
中华人民共和国公职人员政务处分法,2
有关标准、技术要求,2
中华人民共和国国家标准局,2
有关法律、行政法规的基本原则,2
中华人民共和国国家法律法规和有关规定,2
中华人民共和国国家和本市有关规定,2
中华人民共和国律师法,2
中华人民共和国其他法律、法规,2
其他法律法规,2
中华人民共和国市场主体登记管理条例,2
中华人民共和国专利法实施条例,2
中华人民共和国国家知识产权局政务信息共享平台,2
国家其他有关规定,2
国家有关强制性标准,2
中华人民共和国国务院、中央军事委员会,2
中华人民共和国发票管理办法,2
中华人民共和国人民法院司法确认程序规定,2
中华人民共和国国家另有规定,2
中华人民共和国道路运输条例,2
中华人民共和国网络安全等级保护条例,2
中华人民共和国国家安全法,2
中华人民共和国继承法,2
中华人民共和国证券法,2
中华人民共和国地理标志产品保护规定,2
中华人民共和国不正当竞争行为监督检查部门,2
中华人民共和国人民检察院组织法,2
信息安全技术 个人信息安全规范,2
中华人民共和国农村土地承包法,2
中华人民共和国国家有关法律法规,2
中华人民共和国海警法,2
中华人民共和国国家知识产权局组织法,2
中华人民共和国税收征收管理法实施细则,2
中华人民共和国法律援助法,2
中华人民共和国省、自治区、直辖市人民政府农业农村主管部门,2
中华人民共和国农业转基因生物安全管理条例,2
中华人民共和国外交部,2
中华人民共和国国务院农业农村主管部门规定,2
中华人民共和国病原微生物实验室生物安全管理条例,2
中华人民共和国国务院农业农村主管部门制定的具体办法,2
国务院工商行政管理部门,2
中华人民共和国生态环境主管部门,2
国家综合性产业政策目录,2
中华人民共和国国务院生态环境主管部门规定,2
民用建筑隔声设计相关标准,2
排污许可管理条例,2
中国人大网,2
中华人民共和国环境保护标准,2
国家经济、技术条件,2
中华人民共和国广告法实施条例,2
中华人民共和国证券投资基金法,2
期货交易场所业务规则,2
中华人民共和国推荐性标准,2
中华人民共和国草原法,2
中华人民共和国预防未成年人犯罪法,2
有关船员管理的法律、行政法规,2
中华人民共和国国务院交通运输主管部门,2
中华人民共和国港口法,2
国家危险货物品名表,2
中华人民共和国国务院应急管理部门,2
中华人民共和国生态环境部,2
中华人民共和国国务院生态环境主管部门海域派出机构,2
中华人民共和国电子签名法,2
中华人民共和国国务院信息产业主管部门,2
中华人民共和国基本医疗卫生与健康促进法,2
中华人民共和国行业技术规范,2
中华人民共和国国家职业卫生标准,2
省、自治区、直辖市财政部门统一制发的罚款收据,2
中华人民共和国国家和地方污染物排放标准,2
中华人民共和国自然资源部,2
黄河流域省级人民政府,2
中华人民共和国住房和城乡建设部,2
最高人民法院、最高人民检察院关于办理利用互联网、移动通讯终端、声讯台制作、复制、出版、贩卖、传播淫秽电子信息刑事案件具体应用法律若干问题的解释,2
中华人民共和国国务院价格主管部门,2
中华人民共和国国家和浙江省相关法律法规及规范性文件,2
中华人民共和国法律、中华人民共和国行政法规和国家有关规定,2
中华人民共和国地表水环境质量标准,2
国务院专利行政部门,2
国务院专利行政部门制定的表格,2
国务院证券监督管理机构,2
国务院证券监督管理机构有关规定,2
中华人民共和国证券监督管理委员会,2
财政部关于做好安全生产监督有关罚款收入管理工作的通知,2
公共机构节能条例,2
中华人民共和国农业机械化促进法,2
国务院办公厅关于印发控制污染物排放许可制实施方案的通知,2
中华人民共和国增值税暂行条例,2
中华人民共和国增值税暂行条例实施细则,2
电力安全事故应急处置和调查处理条例,2
粮食流通管理条例,2
农业转基因生物安全管理条例,2
山东省节约用水条例,2
国务院对确需保留的行政审批项目设定行政许可的决定,2
国家功勋荣誉表彰条例,2
国务院办公厅关于加强中央企业安全生产工作的通知,2
排污费征收使用管理条例,2
特种设备安全监察条例,2
突发事件应急预案管理办法,2
民用机场管理条例,2
中华人民共和国铁路法,2
食盐专营办法,2
交通行政许可实施程序规定,2
国家铁路局职能配置、内设机构和人员编制规定,2
中华人民共和国工商行政管理机关,2
国家知识产权局专利电子申请系统,2
国家知识产权局公告,2
国家知识产权局政务信息共享平台管理办法,2
中华人民共和国国内水路运输管理条例,2
其他有关法律法规,2
每日工业产品质量安全检查记录,2
中华人民共和国强制性产品认证管理条例,2
中华人民共和国国民经济行业分类,2
中华人民共和国国务院住房和城乡建设主管部门,2
甘肃省工商行政管理部门,2
电器电子产品有害物质限制使用标识的国家标准或行业标准,2
国家规定的危险废物鉴别标准和鉴别方法,2
中华人民共和国粮食流通管理条例,2
国家粮食和储备行政管理部门,2
中华人民共和国农业转基因生物安全证书,2
中华人民共和国海关总署网站,2
爆破作业单位许可证,2
工商行政管理机关行政处罚程序规定,2
乘用车燃料消耗量评价方法及指标,2
产品质量监督抽查实施细则,2
中华人民共和国国家煤矿安全监察局,2
中华人民共和国进境动植物检疫许可证,2
相关法律法规及监管制度,2
中华人民共和国缔结或者加入的国际条约,2
中华人民共和国省、自治区、直辖市人民政府管理专利工作的部门,2
国家突发公共事件总体应急预案,2
船舶污染清除单位应急清污能力要求,2
中华人民共和国国务院国有资产监督管理委员会关于中央企业安全生产监督管理的有关规定,2
中华人民共和国法律、中华人民共和国行政法规、中华人民共和国强制性国家标准,2
中华人民共和国司法机关,2
国家知识产权局政务信息共享平台,2
食品安全国家标准,2
强制性产品认证规则,2
中华人民共和国有机产品国家标准,2
污染地块信息系统,2
道路机动车辆生产企业及产品公告,2
中华人民共和国公安部消防局,2
中华人民共和国特种设备安全监察条例,2
中华人民共和国烟花爆竹安全管理条例,2
烟花爆竹作业安全技术规程,2
中华人民共和国产品质量监督抽查管理办法,2
中华人民共和国省级市场监督管理部门,2
药品经营质量管理规范,2
国家铁路局关于铁路专用设备缺陷产品召回管理的相关规定,2
中华人民共和国地区铁路监督管理局,2
中华人民共和国本单位要求,2
专利法实施细则,2
生产安全事故应急条例,2
中华人民共和国专利代理条例,2
关键信息基础设施安全保护条例,2
中华人民共和国文物保护法实施条例,1
城市市容和环境卫生管理条例,1
优化营商环境条例,1
中华人民共和国法治宣传教育法,1
环境保护方面的相关法律法规规定,1
中华人民共和国城市居民委员会组织法办法,1
中华人民共和国食品卫生法,1
中华人民共和国就业促进法,1
河北省优化营商环境条例,1
云南省专利促进与保护条例,1
中华人民共和国森林法,1
中华人民共和国枪支管理法实施条例,1
中华人民共和国农业技术推广法,1
国务院农药管理条例,1
中华人民共和国县级人民政府,1
中华人民共和国国务院负责传统工艺美术保护工作的部门,1
中华人民共和国国务院安全生产监督管理部门,1
中华人民共和国国家煤矿安全监察机构,1
中华人民共和国国务院民用爆炸物品行业主管部门,1
安徽省人民政府关于专利奖励办法的制定规定,1
安徽省专利保护和促进条例,1
国家知识产权局关于展会专利保护工作的指导意见,1
市人民政府规定,1
中华人民共和国城市基础设施特许经营项目实施方案,1
北京市城市基础设施特许经营办法,1
安徽省人民政府,1
安徽省定价目录,1
安徽省人民政府关于价格调节基金管理办法的制定规定,1
国家和省有关规定,1
中华人民共和国财政部关于印发〈非税收入票据管理办法〉的通知,1
中华人民共和国行政事业性收费管理规定,1
安徽省人民政府决定,1
广西壮族自治区人民政府,1
城乡建设规划相关法律法规,1
皖事通办平台,1
中华人民共和国数字经济促进法（草案）,1
中华人民共和国国家和省相关电价政策文件,1
中华人民共和国国土空间详细规划,1
中华人民共和国国家和省级有关地下综合管廊收费管理的规范性文件,1
中华人民共和国宪法、中华人民共和国立法法、中华人民共和国行政处罚法等有关法律、行政法规,1
安徽省法制宣传教育条例,1
行政法规,1
吉林省工业产品质量监督条例(试行),1
中华人民共和国国家和省有关标准化工作表彰奖励的法律法规及政策文件,1
中华人民共和国吉林省科学技术奖励办法,1
中华人民共和国有关科技成果登记管理的规定,1
国际标准化组织,1
国际标准和国外先进标准,1
安徽省人民政府关于加强商标管理工作的通知,1
安徽省人民政府工商行政管理部门,1
相关行政主管部门,1
中华人民共和国国务院优化营商环境条例,1
自治区一体化政务服务平台,1
自治区政务服务事项基本目录,1
黑龙江省其他经营发票,1
哈尔滨市科学技术行政部门,1
国家工作人员所在单位或者上级机关,1
哈尔滨市技术市场管理条例,1
中华人民共和国国务院司法行政部门,1
中华人民共和国企业法,1
中华人民共和国知识产权法（草案）,1
国务院关于实施知识产权强国建设纲要（2021—2035年）的若干意见,1
中华人民共和国国际刑事司法协助法,1
中华人民共和国保守国家秘密法、中华人民共和国数据安全法、中华人民共和国个人信息保护法、中华人民共和国出口管制法、中华人民共和国刑事诉讼法,1
中华人民共和国反外国制裁法,1
中华人民共和国国家已有规定,1
中华人民共和国经济合同法,1
中华人民共和国国家经济委员会,1
国防专利内部通报,1
国务院有关主管部门、中国人民解放军有关主管部门,1
中华人民共和国国务院专利行政部门出版的专利公报,1
中华人民共和国国防专利内部通报,1
科研任务书,1
中华人民共和国国务院直属事业单位,1
中华人民共和国国务院、中央军事委员会1990年7月30日批准的《国防专利条例》,1
广东省人民政府关于展会期间专利侵权纠纷处理办法的制定规定,1
广东省专利保护条例,1
技术合同认定登记条例,1
国家工商行政管理部门,1
政务信息资源共享交换平台,1
中华人民共和国相关标准或有效文件,1
中华人民共和国国务院关于职权范围的有关规定,1
中华人民共和国著作权法、中华人民共和国商标法,1
中华人民共和国国家有关建设工程管理的行政法规或部门规章,1
技术文件、技术鉴定证书,1
中华人民共和国法律、行政法规及地方性法规等,1
广东省技术市场管理规定,1
中华人民共和国国家有关表彰奖励规定,1
广东省科学技术奖励办法,1
中华人民共和国政府购买服务管理办法,1
相关国际标准化组织,1
中华人民共和国国家和省有关举报奖励的法律法规及规范性文件,1
中华人民共和国饲料和饲料添加剂管理条例,1
广东省法制宣传教育条例,1
中华人民共和国国家相关法律法规及政策文件,1
广东省市场监督管理局,1
中华人民共和国法律、最高人民法院司法解释,1
中华人民共和国官方标志保护条例、中华人民共和国特殊标志管理条例、中华人民共和国奥林匹克标志保护条例,1
中华人民共和国国家和省的有关规定,1
广西壮族自治区工商行政主管部门关于知名商品认定办法的制定规定,1
广西壮族自治区产品质量监督管理条例,1
广西壮族自治区财政主管部门印制的罚没收据,1
中华人民共和国国务院发布的有关工业产品安全管理的行政法规或规范性文件,1
四川省数据条例,1
中华人民共和国国家和四川省相关法律法规及规范性文件,1
中华人民共和国国家和四川省有关公共数据管理的法律法规及政策文件,1
抚顺市经济社会发展情况报告,1
抚顺市法制宣传教育条例,1
辽宁省技术经纪管理相关法规,1
中华人民共和国国家相关行政管理规定,1
中华人民共和国国家和省、市有关技术交易管理规定,1
国家和省有关部门的规定,1
本溪市法制宣传教育条例,1
杭州市国民经济和社会发展第十四个五年规划和二〇三五年远景目标纲要,1
浙江省有关知识产权技术调查官制度的规定,1
中华人民共和国国家和省有关计算机信息系统安全等级保护的规范性文件,1
中华人民共和国国家保密工作部门关于涉密信息系统分级保护管理的规定和技术标准,1
中华人民共和国法律、行政法规及相关信息安全技术标准,1
中华人民共和国公安机关备案管理办法,1
中华人民共和国文化市场管理条例,1
中华人民共和国保密法律法规,1
国务院关于促进跨境电子商务健康快速发展的指导意见,1
国家发展和改革委员会关于推进“单一窗口”建设的指导意见,1
中华人民共和国单一窗口综合服务平台,1
国家外汇管理局关于进一步推进跨境人民币业务便利化的通知,1
国家信息化发展战略纲要,1
中国共产党第十八届中央委员会第三次全体会议公报、中国共产党第十八届中央委员会第四次全体会议公报,1
国家和本省有关标准,1
中华人民共和国省人民政府财政部门统一制发的专用票据,1
中华人民共和国国家有关技术管理规定,1
相关检测结果或者评估报告,1
河北省人民政府关于技术合同认定登记机构确认与公告的有关规定,1
河北省技术市场管理条例,1
中华人民共和国国家和本省有关规定,1
河北省法制宣传教育工作的若干规定,1
中华人民共和国法律及行政法规,1
中华人民共和国国务院关于地方各级人民政府机构设置和编制管理的规定,1
河北省人民政府关于著名商标评审收费的相关规定,1
河北省商标监督处罚条例,1
河南省行政机关执法条例,1
河南省财政部门统一印制的罚没票据规定,1
河南省人民政府关于信息产业优惠政策的具体办法,1
中华人民共和国促进产业结构调整暂行规定,1
国家知识产权局关于加强知识产权保护的若干意见,1
国家有关主管部门认可的信息安全测评机构,1
河南省工商行政管理部门,1
河南省有关部门,1
中华人民共和国法律、中华人民共和国行政法规、国家政策文件,1
中华人民共和国市场同种商品的价格,1
中华人民共和国国家和省有关标准化工作的规定,1
标准信息公共服务平台,1
中华人民共和国科学技术奖励条例,1
河南省重点研发计划项目评审管理办法,1
国际标准化组织章程,1
团体标准管理规定,1
中华人民共和国数据安全法及相关配套制度,1
网络信息内容生态治理规定,1
中华人民共和国行业主管部门管理规定,1
中华人民共和国网络安全监测预警和信息通报制度,1
河池市人民政府关于违法建设分类处置办法的公告,1
管廊工程设计方案,1
海东市住房和城乡建设局,1
联合国教科文组织《保护非物质文化遗产公约》,1
其他有关法律、法规原则,1
环境保护方面的相关法律法规,1
中华人民共和国参与的国际公约、协议、备忘录等,1
再制造产品的有关规定,1
中华人民共和国禁止进出境物品表,1
国际防止船舶造成污染公约,1
中华人民共和国海事局关于船舶污染防治的管理规定,1
中华人民共和国法律、中华人民共和国行政法规、中华人民共和国缔结或者参加的国际条约、国家相关标准,1
中华人民共和国适航标准,1
中华人民共和国海关总署令第243号,1
中华人民共和国国内固体废物相关规定,1
中华人民共和国保税维修政策,1
中华人民共和国征信业管理条例,1
中华人民共和国行业协会商会法,1
中华人民共和国部分商品修理更换退货责任规定,1
湖北省市、州工商行政管理部门,1
湖北省工商行政管理局,1
淮南市地方经济社会发展情况报告,1
淮南子,1
湖南省人民政府相关主管部门制定办法,1
中华人民共和国国家相关法律法规及规范性文件,1
湖南省有关勘察设计取费标准的规定,1
国家推荐的示范文本,1
中华人民共和国国家计价规定,1
项目所在地建设工程计价规定,1
湖南省人民政府住房和城乡建设主管部门组织鉴定工作规定,1
中华人民共和国国家有关质量安全强制性技术规范,1
中华人民共和国各级人民政府林业行政主管部门,1
湖南省人民政府林业行政主管部门,1
中华人民共和国国家互联网信息办公室、中华人民共和国公安部等有关部门,1
中华人民共和国相关法律法规及规范性文件,1
中国（湖南）自由贸易试验区总体方案,1
湖南省信息化条例,1
有关法规规定,1
潮州市工艺美术证标管理办法,1
国家知识产权局关于加强传统工艺美术保护工作的指导意见,1
潮州市人民政府关于引进高层次人才的若干规定,1
中华人民共和国国家和省有关表彰奖励的法律法规及规范性文件,1
中华人民共和国国家规范,1
甘肃省人民政府管理专利工作的部门与同级商务部门协同工作规定,1
中华人民共和国国务院关于建设工程勘察设计管理的有关规定,1
中华人民共和国地方各级人民政府组织法,1
甘肃省人民政府住房城乡建设行政主管部门统一制式勘察、设计文件专用章管理办法,1
中华人民共和国注册执业人员管理规定,1
中华人民共和国法律、法规汇编,1
中华人民共和国交通运输规划法,1
国家、省人民政府有关规定,1
甘肃省有关行政主管部门,1
中华人民共和国法律、中华人民共和国行政法规和国家有关规定的正式文件,1
中华人民共和国行政法,1
中华人民共和国畜牧业发展规划,1
中华人民共和国法律、行政法规中关于动物防疫和环境保护的相关规定,1
中华人民共和国财政部关于化肥使用补贴等优惠政策的相关文件,1
中华人民共和国国家发展和改革委员会关于农业用电价格的相关规定,1
中华人民共和国县级以上人民政府安排的环境保护和畜禽养殖发展相关财政资金扶持范围,1
中华人民共和国国务院农牧主管部门,1
国家有关法规,1
福建省价格听证办法,1
中华人民共和国国家有关价格调节基金设立的规定,1
福建省人民政府关于价格调节基金征收范围和标准的规定,1
中华人民共和国国务院备案管理办法,1
中华人民共和国建设法,1
国家知识产权局关于加强知识产权信息公共服务的指导意见,1
湖南省城市综合管理条例,1
中华人民共和国市场监督管理总局令第XX号,1
贵州省人民政府市场监督管理部门,1
贵州省人民政府,1
中华人民共和国区块链技术应用发展指导意见,1
中华人民共和国国家和省关于大数据安全应急管理的相关规定,1
中华人民共和国国家明令淘汰产品目录,1
黑龙江省产品质量监督管理条例,1
中华人民共和国国家和本省有关知识产权权益分配的法律法规及政策文件,1
中华人民共和国法律、中华人民共和国行政法规、黑龙江省地方性法规、国家规定,1
中华人民共和国法律、中华人民共和国行政法规以及国家有关规定,1
计算机信息网络国际联网安全保护管理办法,1
国家及行业网络安全事件应急预案,1
国家互联网信息办公室、中华人民共和国公安部,1
国家网络安全事件应急预案,1
国家互联网信息办公室、中华人民共和国公安部、关键信息基础设施保护工作部门、关键信息基础设施运营者,1
中华人民共和国国务院电信主管部门,1
中华人民共和国国家生产安全工艺、设备淘汰目录,1
中华人民共和国北京市人民政府,1
国家有关操作规程和安全措施,1
有关户外广告设施、牌匾标识管理的法律法规、技术标准和规范,1
中华人民共和国安全生产法及相关评估管理办法,1
北京市人民政府行政规范性文件制定和管理办法,1
中华人民共和国国家有关中小企业划型标准,1
中华人民共和国精神卫生法,1
中华人民共和国国家有关市场准入管理的规范性文件,1
中华人民共和国行政处罚程序规定,1
中华人民共和国国家和广东省有关行政执法与刑事司法衔接的规范性文件,1
中华人民共和国法律、中华人民共和国行政法规以及国家和广东省的有关规定,1
中华人民共和国国家禁止进口的废弃电器电子产品目录,1
中华人民共和国国家发展和改革委员会关于发布淘汰落后生产能力、工艺和产品的目录,1
国家明令淘汰的技术和工艺目录,1
中华人民共和国消费者权益保护委员会,1
单用途商业预付卡管理规定,1
河北省保护消费者合法权益条例,1
其他法律、法规,1
国家和省关于商品三包、计量、广告等管理的相关规定,1
中华人民共和国卫生检疫法,1
相城英才计划,1
皖事通办政务服务平台,1
中华人民共和国国家和省级有关证明事项告知承诺制度的规范性文件,1
中华人民共和国国家和省级有关核查期限的规范性文件,1
中华人民共和国国务院关于深化“放管服”改革优化营商环境的若干意见,1
湖北省人民政府专利管理部门,1
市（州）人民政府专利管理部门,1
湖北省专利保护条例,1
湖北省财政厅,1
湖北省定价目录,1
中华人民共和国国家相关行政规定,1
湖北省实施〈中华人民共和国价格法〉办法,1
湖北省地方性法规制定条例,1
中华人民共和国国家和湖北省有关信息化的标准和规范,1
中华人民共和国国家和省有关信息化工程项目验收的规定,1
湖北省人民政府关于信息化项目绩效评估办法的制定规定,1
中华人民共和国税收减免政策相关法律法规,1
中华人民共和国相关行业标准,1
中华人民共和国国家和省有关信息资源管理规定,1
有关主管部门认可的信息安全测评机构,1
中华人民共和国经营者与消费者约定,1
湖北省实施〈中华人民共和国消费者权益保护法〉办法,1
中华人民共和国国家市场准入负面清单,1
中华人民共和国国家外商投资准入负面清单,1
中华人民共和国国务院关于促进中小企业发展有关政策的若干规定,1
国家和湖南省相关法律法规及政策文件,1
湖南省政务服务管理办法,1
湖南省公共信用信息服务平台,1
中华人民共和国食品安全法 中华人民共和国安全生产法 中华人民共和国公共安全法 中华人民共和国环境保护法,1
中华人民共和国国务院关于加强和规范事中事后监管的指导意见 国家层面临时执法检查文件 省级人民政府临时执法检查文件,1
中小企业服务中心,1
国际营商环境指标体系,1
中华人民共和国社会信用体系建设规划纲要,1
商品房销售管理办法,1
中华人民共和国国务院关于建设工程质量管理的行政法规,1
贵州省专利奖评选办法,1
国家知识产权局专利复审委员会受理证明,1
中华人民共和国企业国有资产法,1
贵州省专利保护条例,1
贵州省大数据发展应用总体规划,1
中华人民共和国国家技术标准、规范要求,1
中华人民共和国公安机关法,1
中华人民共和国税收优惠政策规定,1
中华人民共和国市场监管总局职能职责规定,1
中华人民共和国双方约定,1
中华人民共和国国家制定的“三包”商品目录,1
中华人民共和国国家和省制订的规范合同文本,1
工程建设强制性标准,1
中华人民共和国国家工程建设标准和规范,1
上海市人民政府关于促进电子商务发展的支持办法,1
上海市质量技监行政管理部门、市经济信息化行政管理部门,1
中华人民共和国消费者权益保护组织相关规范,1
中华人民共和国资产评估法,1
中华人民共和国服务规范,1
上海市人民政府关于技术市场基金设立与管理的规定,1
中华人民共和国国家和本市有关优惠政策文件,1
上海市科学技术行政部门,1
有关部门,1
中华人民共和国市场监管行政处罚程序规定,1
其他国家标准化组织,1
国际标准化技术委员会工作规则,1
长江三角洲区域一体化发展规划纲要,1
中华人民共和国法律、中华人民共和国行政法规、浙江省地方性法规,1
浙江省公共信用信息管理条例,1
国家有关地下综合管廊建设与管理的规范性文件,1
乌鲁木齐市发展和改革部门制定的参考收费标准,1
中华人民共和国规定的程序,1
管廊运营单位,1
乌鲁木齐市城市管理委员会、乌鲁木齐市建设局、乌鲁木齐市应急管理局,1
大型群众性活动安全管理条例,1
中华人民共和国人力资源和社会保障部,1
国家社会信用信息平台建设的总体要求,1
中华人民共和国省、自治区、直辖市人民政府市场监督管理部门,1
中华人民共和国专业机构,1
中华人民共和国市场监督管理部门责令期限规定,1
全国污染源普查领导小组办公室,1
全国污染源普查方案,1
中华人民共和国专业标准（部标准）,1
中国共产党中央军事委员会,1
中国人民解放军总后勤部,1
中华人民共和国矿山地质环境治理恢复基金管理办法,1
省级自然资源主管部门制定的核定指标文件,1
中华人民共和国水污染防治法 中华人民共和国大气污染防治法 中华人民共和国土壤污染防治法 中华人民共和国森林法 中华人民共和国固体废物污染环境防治法 中华人民共和国环境保护法 中华人民共和国土地管理法 中华人民共和国安全生产法 中华人民共和国水土保持法 中华人民共和国矿产资源法 中华人民共和国自然保护区条例 中华人民共和国风景名胜区条例,1
市长热线等平台举报投诉制度,1
国家担保基金,1
江苏省再担保资源,1
城市地下综合管廊专项规划,1
市场监督管理(知识产权)部门,1
厦门市著名商标认定和保护办法,1
中华人民共和国国家有关部门和省级有关部门,1
中华人民共和国评估法,1
厦门市人民政府关于建设项目生成管理办法的制定文件,1
厦门市人民政府关于审批事项管理的有关规定,1
厦门市人民政府关于建设项目审批信用监管办法的制定文件,1
厦门市人民政府关于商事主体登记实施前置行政许可项目的公告,1
厦门市人民政府关于经营场所禁设区域的公告,1
厦门经济特区查处无照经营办法,1
吉林省人民政府关于制定吉林省专利奖具体办法的决定,1
吉林省地方性法规制定条例,1
中华人民共和国国家和省有关优化营商环境的规范性文件,1
中华人民共和国公共信用信息共享平台管理办法,1
中华人民共和国国家有关法律法规和政策文件,1
中华人民共和国国家和吉林省有关法律法规和政策文件,1
事业单位人事管理条例,1
企业标准,1
中华人民共和国国家标准 《农业机械维修技术规范》,1
吉林省农业机械行政主管部门公告,1
吉林省人民政府关于农业机械驾驶培训收费标准的有关规定,1
农业机械安全监理机构,1
吉林省国民经济和社会发展计划,1
中华人民共和国政府投资条例,1
中华人民共和国建设工程项目批准文件管理办法,1
中华人民共和国建设工程勘察设计文件编制深度规定,1
吉林省人民政府住房和城乡建设主管部门,1
省人民政府住房和城乡建设等相关主管部门,1
吉林省工程建设勘察设计管理条例,1
吉林省技术市场管理条例,1
中华人民共和国相关金融监管规定,1
吉林省实施〈中华人民共和国消费者权益保护法〉办法,1
中华人民共和国宪法、中华人民共和国专利法、中华人民共和国商标法、中华人民共和国著作权法、中华人民共和国反不正当竞争法等有关法律、行政法规,1
中华人民共和国官方标志保护规定、中华人民共和国奥林匹克标志保护条例、中华人民共和国特殊标志管理条例,1
中华人民共和国安全生产法、中华人民共和国劳动法、中华人民共和国职业病防治法、中华人民共和国未成年人保护法、女职工劳动保护特别规定,1
职业学校学生实习管理规定,1
中华人民共和国财政涉企专项资金管理办法,1
学校学生实习管理规定,1
中华人民共和国国家和省有关职业教育校企合作的政策文件,1
中华人民共和国国家另有规定文件,1
吉林省工商行政管理部门,1
政务服务一体化平台,1
河北惠企利民政策通平台,1
国务院商务主管部门关于特许经营备案的有关规定,1
国务院商务主管部门关于商业特许经营信息披露的相关规定,1
禁止传销条例,1
中华人民共和国国务院商务主管部门,1
中华人民共和国公共数据分类分级指南（国家层面）,1
中华人民共和国公共数据分类分级管理规定,1
中华人民共和国相关数据标准,1
中华人民共和国国家和省级有关公共数据管理的规范性文件,1
中华人民共和国法律、行政法规、部门规章及国家有关公共数据管理的规范性文件,1
天府通办,1
四川省一体化政务服务平台,1
中华人民共和国人力资源和社会保障部关于人才奖励的相关规定,1
中华人民共和国国家和省有关数据安全与信息化管理的法律法规及规范性文件,1
国家统一平台,1
成渝地区双城经济圈建设战略规划,1
中华人民共和国国家规定、行业规则,1
中华人民共和国城市房地产开发经营管理条例,1
中华人民共和国房屋保修管理规定,1
中华人民共和国国务院医疗事故处理条例,1
中华人民共和国毒性药品管理办法,1
四川省保护消费者合法权益条例,1
天津市专利促进与保护条例,1
天津市人民政府制定办法,1
天津市政务数据共享平台和开放平台,1
天津市政务数据共享平台,1
天津市互联网信息主管部门,1
中华人民共和国社会公德规范,1
天津市产业转型升级实施方案,1
中华人民共和国国家有关安全生产管理规定,1
中华人民共和国应急管理部相关职责规定,1
中华人民共和国国家和本市有关地下管线管理的规定,1
中华人民共和国相关主管部门管理规定,1
中华人民共和国国家标准、行业标准,1
中华人民共和国法律、行政法规、地方性法规、部门规章、地方政府规章,1
天津市信息资源统一共享交换平台管理办法,1
中华人民共和国国家有关事故调查处理的行政法规及规范性文件,1
有关法律、行政法规和国家有关规定,1
天津市建设工程质量管理条例,1
中华人民共和国国务院标准化行政主管部门相关规定,1
天津市实施<中华人民共和国标准化法>办法,1
天津市法制宣传教育条例,1
中华人民共和国市场监督管理法,1
中华人民共和国法律、行政法规中关于消费者权益保护的强制性规定,1
天津市实施<中华人民共和国消费者权益保护法>办法,1
国务院出版行政部门批准的年度出版计划,1
出版管理条例,1
中华人民共和国海关,1
中华人民共和国国家和本市的有关规定,1
中华人民共和国国家统筹规划文件,1
中华人民共和国文化和旅游部,1
中华人民共和国国家和天津市相关法律法规及规范性文件,1
天津市人民代表大会常务委员会关于加强滨海新区和中心城区中间地带规划管控建设绿色生态屏障的决定,1
中华人民共和国法律、中华人民共和国行政法规、国家有关规定、天津市有关规定,1
宁夏回族自治区人民政府标准化行政主管部门,1
宁夏回族自治区人民政府,1
宁夏回族自治区有关行政主管部门,1
自治区人民政府标准化行政主管部门颁发的执法证件,1
中华人民共和国国家有关验收规定,1
中华人民共和国发展和改革行政管理规定,1
宁波市信息化发展规划,1
宁波市政务信息资源共享管理办法,1
中华人民共和国国家有关信息安全的法律法规及规范性文件,1
中华人民共和国国家有关信息安全测评机构资质管理的法律法规及规范性文件,1
中华人民共和国法律、中华人民共和国行政法规和执业准则,1
宁波市人民政府关于危险化学品管理相关目录的管理办法,1
浙江省渔业管理条例,1
中华人民共和国宁波市城市排水和再生水利用条例,1
中华人民共和国国家和省级有关产教融合激励政策文件,1
与外国签订的有关著作权的双边协定,1
保护文学艺术作品伯尔尼公约,1
中华人民共和国同有关国家签订的有关著作权的双边协定,1
中华人民共和国政府与外国政府签订的国际著作权条约,1
中华人民共和国公证法,1
设区的市人民政府专利行政部门出具的有关证明文件,1
山东省人民政府专利行政部门认定的专利文献检索机构,1
山东省专利保护条例,1
中华人民共和国生态环境保护相关法律法规及政策文件,1
中华人民共和国有关建设工程设计管理的法律法规及相关规范性文件,1
国家和省推荐的合同示范文本,1
中华人民共和国国家规定应当进行抗震设防专项审查的相关规定,1
中华人民共和国国家有关建设工程审查规定,1
有关技术市场统计的规定,1
中华人民共和国国家有关技术合同管理的法律法规及政策文件,1
本单位出具的技术交易奖励证明文件,1
中华人民共和国税收管理法律、法规,1
山东省技术市场管理条例,1
山东省人民政府关于表彰奖励工作的有关规定,1
中华人民共和国人力资源和社会保障部关于深化职称制度改革的意见,1
国家科学技术奖励条例,1
中华人民共和国推荐性国家标准,1
山东省实施〈中华人民共和国标准化法〉办法,1
政府购买服务管理办法,1
中华人民共和国国务院卫生和计划生育主管部门规定,1
全国公共信用信息平台,1
中华人民共和国国家有关知识产权案件跨区域审理等规定,1
中华人民共和国国家规定应当设立知识产权投诉机构的展会相关文件,1
山东省知识产权促进条例,1
国家政务服务平台电子证照系统、电子印章系统,1
中华人民共和国法律、行政法规及农产品质量安全相关标准,1
中华人民共和国国务院农业农村主管部门相关规定,1
山西省信用信息共享平台,1
上级人民政府发布的农产品质量安全突发事件应急预案,1
中华人民共和国国家产业创新中心建设与运行管理办法,1
全国标准信息公共服务平台,1
有关行政主管部门,1
等法律、行政法规,1
山西省人民政府关于建立预收资金监管平台的具体办法,1
信用中国网站、国家企业信用信息公示系统,1
国务院有关部门或者省、自治区、直辖市人民政府有关部门组织的建设工程技术专家委员会,1
中央军事委员会的有关规定,1
全国旅游监管服务平台系统,1
中华人民共和国法律、中华人民共和国行政法规、国家强制性标准,1
中华人民共和国国家有关责任保险规定,1
无锡市全域旅游发展规划,1
中华人民共和国相关法律法规及国家标准,1
无锡市实施<江苏省旅游管理条例>办法,1
国务院、中央军事委员会,1
设计任务书（协议书）,1
国家国防科技工业局,1
中华人民共和国国防科学技术工业委员会备案管理办法,1
武器装备研制工作建立总设计师制度和行政指挥管理责任制的规定,1
中华人民共和国国务院国防科技工业主管部门会同中国人民解放军总装备部和军工电子行业主管部门共同制定许可目录,1
中华人民共和国国务院有关部门和军队有关部门,1
中华人民共和国国务院国防科技工业主管部门,1
国务院国防科技工业主管部门关于武器装备科研生产许可证格式的规定,1
武器装备科研生产单位保密资格审查认证管理办法,1
中华人民共和国保守国家秘密法实施条例,1
国务院国防科技工业主管部门关于武器装备科研生产许可管理的有关规定,1
国家统一制定的技术合同文本,1
中华人民共和国本市规定,1
武汉市技术市场管理办法,1
武汉市国民经济和社会发展第十四个五年规划和二〇三五年远景目标纲要,1
中华人民共和国国家有关知识产权管理规定,1
中华人民共和国有关知识产权处置与备案管理规定,1
中华人民共和国国家知识产权局关于知识产权奖励的相关规定,1
中华人民共和国宪法、中华人民共和国立法法、中华人民共和国行政许可法等有关法律、行政法规的基本原则,1
中国互联网络信息中心域名注册管理办法,1
汕头市人民政府关于知识产权行政执法技术调查官管理办法的制定规定,1
中华人民共和国国家有关知识产权保护规定,1
中华人民共和国国家和省有关价格管理的规定,1
国家和省相关规定,1
江苏省价格管理监督条例,1
中华人民共和国劳动教养试行办法,1
中华人民共和国发展和改革委员会相关规范性文件,1
国家市场监督管理总局关于印发《检验检测机构资质认定管理办法》的通知,1
江苏省实施〈中华人民共和国消费者权益保护法〉办法,1
江苏省专利奖评选办法,1
中华人民共和国国家有关中小企业发展基金设立与管理的规范性文件,1
中国人民银行再贷款管理办法,1
中华人民共和国政府采购法实施条例,1
中华人民共和国监督检查部门组织法,1
中华人民共和国国家标准、行业标准、地方标准,1
中华人民共和国国家强制性技术规范,1
中华人民共和国国家卫生、植物检疫和动物防疫要求,1
中华人民共和国转基因生物安全管理规定,1
中华人民共和国检验检测机构资质认定管理办法,1
中华人民共和国国家和省有关地方标准制定的规定,1
中华人民共和国国务院标准化主管部门制定并公布的编号规则,1
中华人民共和国强制性产品认证目录,1
江西省人民政府标准化主管部门组织制定评价规范,1
专业技术职务任职资格评审办法,1
江西省公共信用信息管理条例,1
江西省标准化管理条例,1
沈阳市建设项目生成管理办法,1
沈阳市人民政府关于建设项目审批信用监管制度制定的有关规定,1
沈阳市税务部门监制的技术贸易专用发票,1
中华人民共和国国家和省有关技术合同登记收费的规范性文件,1
沈阳市工商行政管理部门,1
沈阳市人民政府关于技术市场金桥奖奖励办法的制定规定,1
江苏省地方标准管理办法、行业标准管理办法、国家标准管理办法,1
中国（深圳）知识产权保护中心,1
海外知识产权纠纷应对指导深圳分中心,1
中华人民共和国网络信息内容生态治理规定,1
中华人民共和国国家有关规定和标准,1
行业主管部门、行业组织制定的预收款合同示范文本,1
深圳市人民政府关于知识产权行政执法技术调查官配备的具体办法,1
深圳市中级人民法院关于知识产权案件技术调查官配备的具体办法,1
国家知识产权海外维权应对指导中心深圳分中心,1
国家知识产权主管部门出具的专利权评价报告,1
深圳经济特区加强知识产权保护工作若干规定,1
中华人民共和国煤矿安全生产强制性国家标准,1
煤矿安全规程,1
国家矿山安全监察机构制定并公布的具体目录,1
中华人民共和国生产安全事故应急救援预案,1
中华人民共和国矿山救护队管理规定,1
国家矿山安全监察机构关于危险作业管理的规定,1
国家矿山安全监察机构制定的安全生产电子数据规范,1
中华人民共和国国务院关于预防煤矿生产安全事故的特别规定,1
中华人民共和国本级人民政府,1
京津冀科技资源创新服务平台,1
中华人民共和国地方标准 知识产权管理规范,1
中华人民共和国国家标准 旅游服务规范,1
营业性演出管理条例,1
中华人民共和国国家有关服务收费管理规定,1
秦皇岛市养犬管理条例,1
中华人民共和国导游人员管理条例,1
无证无照经营查处办法,1
中华人民共和国渔业船员管理办法,1
中华人民共和国国务院产品质量监督部门,1
中华人民共和国产品质量监督部门相关规定,1
中华人民共和国产品质量监督部门,1
国务院产品质量监督部门关于缺陷汽车产品召回管理的相关规定,1
中华人民共和国产品质量监督部门备案管理办法,1
国务院产品质量监督部门的规定,1
中华人民共和国网络安全法规定的有关主管部门,1
中华人民共和国电子政务系统管理要求,1
国家互联网信息办公室关于数据出境安全评估的有关规定,1
国家互联网信息办公室关于个人信息保护认证的管理办法,1
国家互联网信息办公室关于个人信息出境标准合同的制定规定,1
中华人民共和国法律、中华人民共和国行政法规、中华人民共和国国家标准,1
苏南国家自主创新示范区建设规划,1
中华人民共和国国家和省有关公共数据管理的政策文件,1
苏州市公共数据平台建设与管理办法,1
数据管理能力成熟度评估模型国家标准,1
中华人民共和国政务服务条例,1
中华人民共和国国家有关数据安全与跨境管理的法律法规及政策文件,1
中华人民共和国有关责任免除或从轻减轻处理的规范性文件,1
江苏省知识产权促进和保护条例,1
国家知识产权局关于发布知识产权白皮书和典型案例的工作指引,1
社会组织,1
苏州市专利促进条例,1
国务院建设工程勘察设计管理条例,1
陕西省实施〈中华人民共和国招标投标法〉办法,1
中华人民共和国参加的国际条约,1
中华人民共和国国务院著作权行政管理部门认定的软件登记机构,1
中华人民共和国国务院著作权行政管理部门会同国务院价格主管部门关于软件登记收费标准的规定,1
国务院著作权行政管理部门认定的软件登记机构,1
中华人民共和国技术进出口管理条例,1
侵权行为发生时的国家有关规定,1
辽宁省信用信息管理条例,1
辽宁省财政专项资金管理办法,1
辽宁省专利保护条例,1
中华人民共和国价格违法行为行政处罚规定,1
辽宁省财政厅关于统一印制罚没票据的规定,1
国家有关公共数据管理的规范性文件,1
辽宁省网络安全和信息化主管部门相关规范性文件,1
辽宁省法制宣传教育条例,1
辽宁省消费者权益保护规定,1
中华人民共和国国家关于知识产权案件跨区域审理和法院案件指定管辖的相关规定,1
中华人民共和国司法区块链平台建设与应用指导意见,1
中华人民共和国法律、行政法规和国家政策文件,1
中华人民共和国国家有关专利权属管理的法律法规,1
国家反价格垄断规定,1
陕西省定价目录,1
中华人民共和国国家和陕西省有关定价听证程序的规范性文件,1
中华人民共和国相关法律、中华人民共和国行政法规、陕西省行政事业性收费管理条例,1
中华人民共和国有关举报奖励的法律法规或政策文件,1
中华人民共和国职称评审管理规定,1
国务院知识产权行政部门关于布图设计登记材料的补充规定,1
中华人民共和国国务院知识产权行政部门相关职权规定,1
国务院知识产权行政部门关于使用布图设计非自愿许可的报酬的裁决,1
中华人民共和国价格主管部门,1
青岛市人民政府关于价格调节基金筹集使用管理的规定,1
中华人民共和国价格监测台账管理办法,1
中华人民共和国全国统一的价格监测报告制度,1
中华人民共和国市人民政府,1
中华人民共和国价格监测预警制度,1
青海省盐湖资源开发与保护条例,1
中华人民共和国上一级人民政府鼠疫控制应急预案,1
中华人民共和国县级以上人民政府卫生健康主管部门,1
青海省鼠疫交通检疫条例,1
中华人民共和国国家和上海市有关产品质量举报奖励的规范性文件,1
国家和市质量技术监督部门批准的产品质量监督抽查技术规范,1
上海市质量技术监督部门,1
上海市产品质量监督条例,1
国家网络安全等级保护制度,1
上海市人民政府办公厅关于公共数据监督管理的相关规定,1
相关法律、行政法规和有关主管部门的规定,1
全国一体化政务服务平台,1
需求清单、责任清单和共享数据资源目录,1
中华人民共和国国家发展和改革委员会关于数据安全管理的指导意见,1
中华人民共和国法律、中华人民共和国行政法规及国家有关规定,1
中华人民共和国国务院关于规范金融营销宣传行为的若干规定,1
中华人民共和国电子身份认证等技术相关规定,1
中华人民共和国国家和上海市有关预付卡管理的法律法规及规范性文件,1
平等互惠原则,1
国家互联网信息办公室关于个人信息转移的相关规定,1
国家互联网信息办公室关于个人信息处理数量标准的有关规定,1
中华人民共和国法律实施条例,1
中华人民共和国国务院授权的部门和地方政府,1
中华人民共和国注册会计师法,1
中华人民共和国国务院关于中外合作经营企业有关管理事项的规定,1
中华人民共和国国家对外经济贸易主管部门,1
中华人民共和国国家工商行政管理主管部门,1
中华人民共和国税法,1
国家有关税收的法律和行政法规,1
国务院负责中小企业促进工作综合管理的部门会同国务院有关部门,1
中华人民共和国应收账款融资服务平台,1
政府采购监督管理部门指定媒体,1
中华人民共和国行政事业性收费管理条例,1
中华人民共和国国务院关于优先贷款、优惠贷款具体办法的规定,1
国家产业政策,1
中华人民共和国国务院制定的具体管理办法,1
中华人民共和国国务院市场监督管理部门授权的部门,1
中华人民共和国国务院关于监督抽查费用列支的规定,1
中华人民共和国政府价格主管部门相关规定,1
地方定价目录,1
国务院和中央军事委员会关于军事禁区和军事管理区划定标准与程序的规定,1
国务院和中央军事委员会关于划为军事管理区的军民合用机场、港口、码头管理办法的规定,1
中华人民共和国无线电管理条例,1
中华人民共和国有关法律法规及政策文件,1
中华人民共和国省、自治区、直辖市公安机关批准,1
中华人民共和国反间谍法,1
军队有关规定,1
国务院和中央军事委员会规定,1
国家明令淘汰和禁止使用的农药、兽药、饲料添加剂等产品目录,1
中华人民共和国国家职业资格证书制度的统一规定,1
中华人民共和国国务院制定的行政法规或规范性文件,1
中华人民共和国国务院令第XXX号（省级以上人民政府制定的筹资筹劳控制标准文件）,1
相关法律或者行政法规,1
中华人民共和国国务院农业农村主管部门的规定,1
农产品质量安全承诺达标合格证管理办法,1
国务院农业农村主管部门关于农产品监督抽查样品数量的规定,1
中华人民共和国农业农村部关于农产品质量安全检测机构资质认定办法,1
国务院农业农村主管部门会同国务院市场监督管理等部门认定的快速检测方法,1
国家食品安全事故应急预案,1
有关粮食管理的法律、行政法规,1
农村土地承包仲裁委员会章程和仲裁规则,1
国务院关于口岸开放的有关规定,1
中华人民共和国外交部关于外交签证、礼遇签证、公务签证签发范围和签发办法的规定,1
中华人民共和国国务院关于普通签证类别和签发办法的规定,1
中华人民共和国旅馆业治安管理办法,1
中华人民共和国国务院制定外国人在中国境内工作管理办法,1
中华人民共和国难民身份证件签发管理办法,1
其他法律,1
中华人民共和国公民出境入境管理法,1
中华人民共和国国务院卫生健康等有关部门,1
中华人民共和国国家有关规范性文件,1
中华人民共和国疫苗质量标准,1
中华人民共和国国务院农业农村主管部门,1
国务院农业农村主管部门,1
中华人民共和国国务院农业农村主管部门有关动物防疫规定,1
中华人民共和国地方性法规,1
中华人民共和国动物疫病预防控制机构,1
国务院农业农村主管部门发布的相关规定,1
中华人民共和国上一级人民政府应急管理部门,1
国务院农业农村主管部门关于动物和动物产品检疫的规定,1
国务院农业农村主管部门关于动物检疫与管理的相关规定,1
国务院农业农村主管部门关于动物诊疗活动管理的相关规定,1
中华人民共和国国务院关于兽药和兽医器械管理办法的规定,1
国家有关动物疫情处理的行政法规和规范性文件,1
中华人民共和国农业农村部关于动物疫病防控的规范性文件,1
国务院农业农村主管部门关于动物防疫要求的规定,1
中华人民共和国环境保护法及相关法律法规,1
实验动物管理的有关规定,1
中华人民共和国国家卫生健康委员会关于医师执业管理的相关规定,1
中华人民共和国省级人民政府卫生健康主管部门,1
中华人民共和国知情同意管理办法,1
放射性药品管理办法,1
中华人民共和国药品说明书,1
中华人民共和国执业医师法,1
中华人民共和国国家发展和改革委员会关于印发《政府定价目录》的通知,1
中华人民共和国全国人民代表大会常务委员会,1
国务院税务主管部门关于印花税征收管理的具体办法,1
中华人民共和国印花税暂行条例,1
中华人民共和国国家发展和改革委员会关于建立企业信用信息公示制度的指导意见,1
中国人民银行法,1
国家网络身份认证公共服务,1
中华人民共和国国家救助条例,1
中华人民共和国反洗钱法,1
中华人民共和国国家电力监管机构,1
高技术产业发展规划,1
国务院能源主管部门,1
全国可再生能源开发利用规划,1
中华人民共和国国务院工商行政管理部门关于集体商标和证明商标注册与管理的特殊事项规定,1
国务院关于公布《商标管理条例》的命令,1
中华人民共和国国家知识产权局商标局和商标评审委员会,1
中华人民共和国国家知识产权局商标局电子系统,1
中华人民共和国国家知识产权局商标评审委员会数据库记录系统,1
中华人民共和国加入的《商标国际注册马德里协定》,1
中华人民共和国加入的《商标国际注册马德里议定书》,1
世界知识产权组织国际局和中华人民共和国国家知识产权局关于商标国际注册申请材料格式的规定,1
世界知识产权组织,1
中华人民共和国商标注册簿,1
中华人民共和国商标公告,1
中华人民共和国国务院标准化主管部门会同国务院发展改革、生态环境、工业和信息化、住房和城乡建设、交通运输、铁路监督管理、民用航空、海事等部门,1
中华人民共和国民用建筑隔声设计相关标准,1
中华人民共和国国务院发展改革部门,1
低噪声施工设备指导名录,1
有关交通基础设施工程技术规范以及标准要求,1
国务院公安等部门关于警报器安装与使用管理的规定,1
民用建筑隔声设计相关标准要求,1
国务院民用航空主管部门规定的适航标准,1
国家固体废物污染环境防治技术标准,1
全国信用信息共享平台,1
工业固体废物综合利用技术、工艺、设备和产品导向目录,1
国务院关于排污许可制度的具体办法和实施步骤的规定,1
国务院生态环境等主管部门的规定,1
国家环境保护标准,1
国家有关环境保护的规定,1
国务院关于危险废物经营许可证管理办法,1
中华人民共和国国务院生态环境主管部门会同国务院交通运输主管部门和公安部门制定的危险废物转移管理具体办法,1
中华人民共和国危险货物运输管理规定,1
全国人民代表大会常务委员会关于授权国务院在部分地区开展国防动员试点工作的决定,1
中华人民共和国国徽图案制作说明,1
中华人民共和国国务院关于外事活动和国家驻外使馆、领馆以及其他外交代表机构对外使用国徽图案办法的批准决定,1
全国人民代表大会常务委员会办公厅或者国务院办公厅会同有关主管部门规定,1
国务院办公厅关于国徽使用管理的有关规定,1
中国人民政治协商会议第一届全体会议主席团公布的国旗制法说明,1
国家成立的治丧机构,1
中华人民共和国国家有关国旗管理的行政法规或规范性文件,1
中华人民共和国外交部关于外交活动中奏唱国歌的场合和礼仪的规定,1
中华人民共和国中央军事委员会关于军队奏唱国歌的场合和礼仪的规定,1
中国政府网,1
国务院广播电视主管部门关于国歌播放时点的规定,1
中华人民共和国不动产登记法（暂未制定）及相关的行政法规,1
中华人民共和国国务院关于批准大型能源、交通、水利等基础设施建设用地的决定,1
中华人民共和国省、自治区、直辖市人民政府关于批准能源、交通、水利等基础设施建设用地的决定,1
中华人民共和国国务院自然资源主管部门会同农业农村主管部门关于耕地验收的职责规定,1
中华人民共和国国务院关于重大事项审批权限的规定,1
国务院自然资源主管部门,1
中华人民共和国城市规划法,1
中华人民共和国国有建设用地使用权管理相关法律制度,1
中华人民共和国土地管理监督检查证件,1
中华人民共和国国务院农业农村部、自然资源部、住房和城乡建设部、水利部、国家卫生健康委员会、国家林业和草原局,1
国务院农业农村、林业草原、生态环境、自然资源主管部门规定,1
中华人民共和国国务院生态环境部、自然资源部联合发布的相关规范性文件,1
中华人民共和国国务院生态环境主管部门相关规定,1
中华人民共和国地方人民政府生态环境主管部门和工业和信息化主管部门,1
中华人民共和国土壤污染风险管控标准,1
中华人民共和国地方人民政府农业农村、林业草原主管部门,1
中华人民共和国省级人民政府生态环境主管部门,1
中华人民共和国国务院生态环境主管部门制定的相关规定,1
土壤污染风险评估报告,1
中华人民共和国地方人民政府生态环境主管部门工作规程,1
中华人民共和国国务院财政主管部门会同国务院生态环境、农业农村、自然资源、住房城乡建设、林业草原等主管部门制定,1
中华人民共和国省级人民政府,1
全国土壤环境信息平台,1
中华人民共和国外商投资法实施条例,1
国务院规定,1
中华人民共和国法律、中华人民共和国行政法规、中华人民共和国地方性法规,1
中华人民共和国合伙企业法,1
中华人民共和国企业登记系统管理办法,1
国务院关于加快推进全国一体化政务服务平台建设的指导意见,1
外商投资准入负面清单,1
中华人民共和国外商投资信息报告制度,1
国务院生态环境主管部门关于大气污染物排放管理的相关规定,1
中华人民共和国国务院生态环境主管部门关于大气污染物监测与重点排污单位管理的规定,1
中华人民共和国城市人民政府,1
中华人民共和国报废机动车回收管理办法,1
中华人民共和国国家排放标准,1
国家有关标准或者要求,1
中华人民共和国国务院生态环境主管部门会同国务院气象主管机构等有关部门,1
国家大气污染防治重点区域内有关省、自治区、直辖市人民政府,1
省、自治区、直辖市、设区的市人民政府生态环境主管部门会同气象主管机构等有关部门,1
中华人民共和国国家有关标准和规定,1
中华全国妇女联合会章程,1
其他有关安全生产的法律、法规,1
中华人民共和国国务院人力资源和社会保障部门、国务院应急管理部门会同国务院有关部门制定的注册安全工程师分类管理办法,1
国务院应急管理部门会同国务院财政部门、国务院保险监督管理机构和相关行业主管部门制定的具体范围和实施办法,1
中华人民共和国安全生产监督管理部门相关职责规定,1
国务院应急管理部门会同国务院有关部门规定的其他危险作业,1
国务院关于生产安全事故划分标准的规定,1
中华人民共和国全国人民代表大会,1
中华人民共和国全国人民代表大会常务委员会组织法,1
中华人民共和国其他法律,1
全国人民代表大会常务委员会,1
省或者自治区的人民代表大会常务委员会,1
国务院有关部门关于广告时长与方式的规定,1
国务院卫生行政部门和国务院药品监督管理部门共同指定的医学、药学专业刊物,1
中华人民共和国国务院药品监督管理部门批准的说明书,1
地方性法规、地方政府规章,1
国务院关于部门职责分工的有关规定,1
中华人民共和国国务院环境保护行政主管部门,1
中华人民共和国国务院其他有关部门,1
国务院关于放射性物质运输污染防治的具体办法,1
中华人民共和国国家建筑材料放射性核素控制标准,1
中华人民共和国国务院有关核设施安全监督管理的规定,1
国务院环境保护行政主管部门指定的国外有关标准,1
国务院有关放射性同位素与射线装置放射防护的规定,1
国务院环境保护行政主管部门关于放射性废物管理的相关规定,1
中华人民共和国国务院环境保护行政主管部门相关规定,1
国务院关于放射性固体废物贮存处置许可的具体办法,1
国家数据安全工作协调机制,1
国家网信部门会同国务院有关部门制定,1
中华人民共和国主管机关,1
国务院期货监督管理机构制定的相关规定,1
中华人民共和国期货交易场所管理办法,1
国务院期货监督管理机构制定的管理办法,1
国务院期货监督管理机构制定的有关期货交易管理规定,1
国务院期货监督管理机构制定的有关期货交易报告制度的规范性文件,1
国务院期货监督管理机构制定的有关期货保证金管理的规定,1
中华人民共和国国务院期货监督管理机构相关规定,1
期货交易场所相关制度文件,1
国务院期货监督管理机构关于期货市场管理的相关规定,1
国家及期货行业信息安全相关的技术管理规定和标准,1
国务院期货监督管理机构、国务院财政部门制定的相关规定,1
国务院期货监督管理机构制定的有关规定,1
国务院期货监督管理机构与境外期货监督管理机构达成的监管合作安排,1
国务院有关主管部门,1
国务院期货监督管理机构有关规定,1
国务院、中央军事委员会另有规定,1
中华人民共和国国务院公安部门关于枪支序号编制的规定,1
中华人民共和国国务院公安部门相关规定,1
中华人民共和国国务院体育行政主管部门,1
中华人民共和国国务院有关行政主管部门,1
国务院有关行政主管部门,1
中华人民共和国国务院标准化协调机制,1
国务院、中央军事委员会另行制定的军用标准管理办法,1
中华人民共和国缔结或者参加的国际公约,1
中华人民共和国核安全标准,1
中华人民共和国核安全法律、行政法规和标准,1
中华人民共和国有关核设施出口管制的规定,1
铁路危险货物运输管理规定,1
中华人民共和国国务院核工业主管部门,1
国家核事故应急协调委员会,1
中华人民共和国省、自治区、直辖市人民政府指定的部门,1
国务院核工业主管部门、核安全监督管理部门和省、自治区、直辖市人民政府指定的部门,1
国务院核安全监督管理部门制定的具体办法,1
核设施所在地省、自治区、直辖市人民政府指定的部门,1
中华人民共和国其他有关部门,1
中华人民共和国核损害责任制度,1
中华人民共和国国家技术标准、规范和规程,1
中华人民共和国反恐怖主义法,1
国家统一法律职业资格考试,1
中华人民共和国财政部关于统一制发财政票据的通知,1
民用爆炸物品安全管理条例,1
有关船舶检验的法律、行政法规,1
有关船舶登记的法律、行政法规,1
国务院交通运输主管部门发布的相关规定,1
国务院交通运输主管部门关于船舶保安制度的相关规定,1
中华人民共和国驻外使馆领事保护与协助条例,1
中华人民共和国国务院交通运输主管部门拟定并报国务院批准后公布,1
中华人民共和国国家无线电管理机构,1
有关海事管理机构,1
国务院关于船舶进出口岸的规定,1
中华人民共和国法律、行政法规和规章,1
国务院交通运输主管部门关于海上交通事故调查处理的有关规定,1
中华人民共和国海事管理机构管理条例,1
中华人民共和国县级以上人民政府渔业渔政主管部门,1
中华人民共和国国务院批准文件,1
省、自治区、直辖市人民政府关于海域使用管理的相关规定,1
中华人民共和国国务院关于渔民使用海域从事养殖活动收取海域使用金的具体实施步骤和办法,1
中华人民共和国人民政府财政部门和海洋行政主管部门,1
中华人民共和国国土空间规划法,1
中华人民共和国国家海洋环境质量标准,1
海洋环境质量标准,1
中华人民共和国国务院发展改革部门、国务院财政主管部门会同国务院生态环境主管部门制定的具体办法,1
全国公共信用信息共享平台,1
国家和地方的有关规定、标准,1
中华人民共和国国务院关于加强入海污染物排放管控的有关规定,1
中华人民共和国国家和地方有关排放标准,1
中国人民武装警察部队海警总队,1
有关法律法规和标准,1
中华人民共和国人民政府,1
中华人民共和国缔结或者参加的与海洋环境保护有关的国际条约,1
中华人民共和国国家污染物排放标准,1
有关民事、刑事法律,1
中华人民共和国国务院自然资源部、水行政主管部门、住房城乡建设部、生态环境部、农业农村部等有关部门,1
中华人民共和国县级以上地方人民政府授权的部门,1
中华人民共和国海域使用管理法,1
中华人民共和国土地管理法,1
中华人民共和国生物安全法,1
国家有关安全技术咨询与专业机构管理规定,1
特种设备安全技术规范,1
中华人民共和国安全技术规范,1
其他有关法律,1
国家环境保护规划,1
城乡规划法,1
国家环境监测规范,1
国家有关环境保护监测规范和规定,1
中华人民共和国省、自治区、直辖市人民政府生态环境主管部门规定,1
中华人民共和国全国人民代表大会组织法,1
有关环境保护法律法规,1
中华人民共和国国务院标准化主管部门和国务院其他有关部门,1
国家生物安全工作协调机制,1
国务院其他有关部门,1
国务院卫生健康、农业农村主管部门制定的具体管理办法,1
中华人民共和国生物安全法相关配套管理办法,1
国家其他有关保密规定,1
中华人民共和国进出口监督管理法律、行政法规和国家有关规定,1
中华人民共和国法律、行政法规和国家有关规定,1
快递市场管理办法,1
中华人民共和国支付结算办法,1
中华人民共和国电子单证管理规定,1
中华人民共和国国家有关电子认证业务规则规定,1
中华人民共和国国务院信息产业主管部门规定,1
国务院信息产业主管部门关于电子认证服务业务承接的管理规定,1
药品生产质量管理规范,1
中华人民共和国国务院财政部门会同国务院价格主管部门制定的具体办法,1
省、自治区、直辖市人民政府价格主管部门会同财政部门制定收费标准的相关规定,1
国务院药品监督管理部门、卫生健康主管部门、生态环境主管部门发布的相关规定,1
预防接种工作规范,1
国务院卫生健康主管部门制定的有关疫苗接种信息记录的规定,1
国务院卫生健康主管部门制定的鉴定办法,1
国务院药品监督管理部门有关变更管理的规定,1
国家信用信息共享平台管理办法,1
行业技术规范,1
中华人民共和国矿产资源法实施细则,1
中华人民共和国行政法规制定程序条例,1
国务院财政、税务主管部门发布的有关帐簿、凭证管理的规范性文件,1
国务院财政、税务主管部门有关税收的规定,1
中华人民共和国省、自治区、直辖市国家税务局、地方税务局,1
中华人民共和国国库条例,1
全国统一格式的检查存款帐户许可证明,1
中华人民共和国同外国缔结的有关税收的条约、协定,1
中华人民共和国国务院关于政府粮食储备管理的有关规定,1
中华人民共和国国家发展和改革委员会关于政府粮食储备操作管理的有关规定,1
有关行政法规,1
中华人民共和国建设项目职业病危害分类管理办法,1
中华人民共和国国务院卫生行政部门相关规定,1
中华人民共和国国家有关进口管理的行政规定,1
中华人民共和国国务院卫生行政部门制定的职业健康检查管理办法,1
中华人民共和国医疗机构管理条例,1
中华人民共和国国务院卫生行政部门关于职业病诊断管理办法,1
中华人民共和国劳动争议调解仲裁法,1
中华人民共和国国务院卫生行政部门颁布的职业病诊断标准和职业病诊断、鉴定办法,1
中华人民共和国社会保险法,1
国务院、中央军事委员会制定的中国人民解放军参照执行本法的办法,1
中华人民共和国国民经济和社会发展规划,1
国土空间规划,1
法律、行政法规和国家有关规定,1
中华人民共和国法律、中华人民共和国行政法规、国家有关规定,1
国家科技发展和高技术产业发展相关规划,1
国家和军队有关规定,1
国家对核能开发利用另有规定,1
中华人民共和国缔结或者参加的涉及能源的国际条约,1
中华人民共和国国务院市场监督管理部门和国务院管理节能工作的部门共同授权的机构,1
中华人民共和国节能产品认证管理办法,1
产业结构调整指导目录,1
中华人民共和国国务院关于授权制定行政措施的决定,1
国家有关上网电价规定,1
国务院药品监督管理部门、国务院卫生健康主管部门共同制定的药物临床试验机构备案管理办法,1
中华人民共和国国务院中医药主管部门,1
中华人民共和国药典,1
中华人民共和国国家药品标准,1
国务院药品监督管理部门关于药品网络交易第三方平台备案的规定,1
中华人民共和国国务院药品监督管理部门相关规定,1
中华人民共和国省、自治区、直辖市人民政府药品监督管理部门,1
国务院药品监督管理部门制定的药品生产变更管理相关规定,1
中华人民共和国国务院药品监督管理部门核准的药品说明书,1
中华人民共和国国务院关于药品质量抽查检验费用列支的规定,1
中华人民共和国国务院关于麻醉药品、精神药品、医疗用毒性药品、放射性药品、药品类易制毒化学品特殊管理的规定,1
中华人民共和国国务院关于著作权集体管理组织设立与运行的行政法规,1
国家著作权主管部门认定的登记机构,1
国家著作权主管部门会同有关部门制定的付酬标准,1
中华人民共和国国务院令,1
侵权或者违约行为发生时的有关规定,1
中华人民共和国国家计量检定系统表,1
中华人民共和国地方计量检定规程,1
中华人民共和国国务院计量行政部门,1
中华人民共和国国务院计量行政部门制定的计量监督员管理办法,1
中华人民共和国国务院批准施行决定,1
中华人民共和国机动车国家安全技术标准,1
中华人民共和国道路交通安全法实施条例,1
中华人民共和国国务院公安部门规定,1
中华人民共和国国家标准 GB 5768-2022 道路交通标志和标线,1
中华人民共和国交通警察,1
中华人民共和国机动车第三者责任强制保险条例,1
道路交通事故社会救助基金管理规定,1
机动车驾驶证管理规定,1
中华人民共和国县级以上地方人民政府水行政主管部门,1
中华人民共和国长江流域有关地方人民政府及其有关部门,1
中华人民共和国长江流域水环境质量标准,1
长江流域生态环境监督管理机构,1
中华人民共和国国务院关于退捕渔民安置工作的指导意见,1
中华人民共和国国务院令第XXX号,1
中华人民共和国污染物排放标准和有关规定,1
沿海省、自治区、直辖市人民政府环境保护行政主管部门规定的审批程序,1
县级以上地方人民政府环境保护行政主管部门,1
中华人民共和国国家和地方规定的排放标准和有关规定,1
国家食品安全风险监测计划,1
食品安全风险评估专家委员会,1
中华人民共和国国家中医药管理部门,1
保健食品原料目录,1
中华人民共和国食品安全标准和检验规范,1
中华人民共和国国务院认证认可监督管理条例,1
中华人民共和国国家快速检测方法标准,1
国家出入境检验检疫局,1
中华人民共和国农业行政部门,1
中华人民共和国国家出入境检验检疫部门,1
国家出入境检验检疫部门,1
中华人民共和国县级以上人民政府食品安全监督管理、农业行政部门,1
省、自治区、直辖市制定的具体管理办法,1
中华人民共和国中央军事委员会,1
国务院关于严格控制新增建设用地的决定,1
中华人民共和国黄河流域省级人民政府,1
山东省人民政府,1
黄河流域生态环境监督管理机构,1
黄河流域县级以上地方人民政府,1
中华人民共和国国务院水行政主管部门或者黄河流域管理机构,1
中华人民共和国工业和信息化部关于发布国家鼓励的工业节水工艺、技术和装备目录的公告,1
中华人民共和国国家防汛抗旱指挥机构,1
中华人民共和国国务院水行政主管部门,1
中华人民共和国水污染物排放总量控制措施,1
中华人民共和国消除黑臭水体,1
中华人民共和国国务院卫生健康等主管部门,1
中华人民共和国黄河流域县级以上地方人民政府及其有关部门,1
中华人民共和国国务院文化和旅游主管部门,1
中华人民共和国黄河流域县级以上地方人民政府有关部门,1
国务院及云南省住房城乡建设行政主管部门发布的有关建设工程勘察设计资质与执业资格管理的规范性文件,1
中华人民共和国有关行政主管部门,1
国家建设工程勘察、设计收费标准,1
国务院住房城乡建设行政主管部门关于大、中型建设工程和技术复杂小型建设工程范围的有关规定,1
中华人民共和国国务院住房城乡建设行政主管部门统一印制的建设工程施工图设计文件审查证书,1
中华人民共和国国务院有关部门关于交通、水利建设工程施工图设计文件审查的规定,1
云南省有关主管部门,1
中华人民共和国国家有关医疗美容服务管理规定,1
中华人民共和国国务院发布的《医疗事故处理条例》,1
云南省保护消费者权益条例,1
中华人民共和国地理标志专用标志管理办法,1
建水紫陶制作技艺专业技术资格评审条件,1
云南省人民代表大会常务委员会,1
农药产品标签或者说明书、产品质量合格证,1
江苏省农业行政主管部门认定的农药检定机构,1
中华人民共和国农业相关部门,1
最高人民法院关于审理非法出版物刑事案件具体应用法律若干问题的解释,1
中华人民共和国专利法第五十九条第一款,1
中华人民共和国商标法修改决定,1
中华人民共和国反垄断法第十七条第一款,1
其他法律、行政法规的强制性规定,1
中华人民共和国反垄断法实施条例,1
最高人民法院关于民事诉讼证据的若干规定,1
与公益诉讼有关的法律和司法解释,1
假定垄断者测试方法,1
国务院反垄断执法机构制定的相关规定,1
中华人民共和国反垄断法第六十条,1
中华人民共和国反垄断法（2022年修正）,1
最高人民法院关于审理因垄断行为引发的民事纠纷案件应用法律若干问题的规定,1
中华人民共和国著作权法实施条例,1
中华人民共和国著作权法第十一条第三款,1
国家有关部门关于律师服务收费的相关规定,1
最高人民法院关于审查知识产权纠纷行为保全案件适用法律若干问题的规定,1
浙江省专利保护条例,1
地方标准,1
国家与浙江省人民政府发布的有关职责规定文件,1
浙江省查处生产和经销假冒伪劣商品行为条例,1
浙江省产品质量监督管理条例,1
中华人民共和国国家和省有关政府定价管理的法律法规及规范性文件,1
中华人民共和国专业机构参与政府定价调查的相关管理办法,1
相关商品、服务定价成本监审办法,1
中华人民共和国国家和浙江省有关价格鉴定的具体规定,1
中华人民共和国本级人民政府组织法及相关行政决策程序规定,1
中华人民共和国公共数据分类分级指南（国家和省层面）,1
中华人民共和国公共数据平台安全管理规范,1
浙江省公共数据和电子政务管理办法,1
中华人民共和国法律、行政法规、国家标准、行业技术规范等,1
中华人民共和国国家有关工程建设资质管理的行政法规及规章,1
国务院关于加强和规范事中事后监管的指导意见,1
中华人民共和国行政主管部门职责法,1
中华人民共和国国家和浙江省相关优惠待遇规定,1
浙江省促进科技成果转化条例,1
浙江省标准化管理条例,1
浙江省地方标准管理办法,1
浙江省一体化智能化公共数据平台,1
反垄断有关法律、行政法规,1
中华人民共和国特殊标志管理条例,1
中华人民共和国宪法、中华人民共和国立法法、中华人民共和国信息化促进法（如存在）等有关法律、法规,1
中华人民共和国国家标准、行业标准及地方标准,1
中华人民共和国国务院关于信息工程相关资质管理的规定,1
中华人民共和国依法认定的信息安全专用产品管理办法,1
重庆市人民政府关于产品质量举报奖励办法的规定,1
监督检查计划,1
重庆市人民政府关于产品质量监督抽查程序的具体办法,1
重庆市质量技术监督局职能配置、内设机构和人员编制规定,1
重庆市产品质量监督管理条例,1
中华人民共和国国家价格鉴证机构,1
国务院住房城乡建设主管部门有关规定,1
建设工程勘察设计资质管理规定,1
中华人民共和国住房和城乡建设部关于建设工程资质审批的有关规定,1
中华人民共和国住房和城乡建设部关于注册审批权限的有关规定,1
经批准的上一阶段勘察、设计文件,1
批准的专业规划,1
中华人民共和国禁止或淘汰使用产品目录,1
中华人民共和国住房和城乡建设部关于建设工程技术标准管理的有关规定,1
国务院住房城乡建设主管部门关于大、中型建设工程和技术复杂小型建设工程范围的有关规定,1
国务院住房城乡建设主管部门关于施工图设计文件审查的相关规定,1
国务院有关部门关于交通、水利建设工程施工图设计文件审查的相关规定,1
中华人民共和国国家和本市禁止、淘汰的技术或产品目录,1
重庆市工商行政管理局,1
中华人民共和国农田灌溉水质标准,1
中华人民共和国同级水行政、国土资源、卫生、建设等部门,1
中华人民共和国有关流域管理机构,1
中华人民共和国水污染防治法及其实施细则,1
国务院专利行政部门与国家国防专利机构主管机关联合制定管理办法,1
中华人民共和国国家保密法,1
中华人民共和国国务院专利行政部门规定,1
中华人民共和国国务院专利行政部门相关规定,1
中华人民共和国专利公报,1
中华人民共和国国务院专利行政部门公布的外观设计产品分类表,1
中华人民共和国国务院专利行政部门备案管理办法,1
中华人民共和国国务院发展改革部门、财政部门会同国务院专利行政部门关于专利费用标准的规定,1
中华人民共和国国务院财政部门、发展改革部门会同国务院专利行政部门关于专利费用调整的规定,1
中华人民共和国国务院财政部门会同国务院发展改革部门、国务院专利行政部门规定,1
中华人民共和国证券法实施条例,1
公司债券募集办法,1
证券交易所的业务规则,1
中华人民共和国证券交易所管理办法,1
中华人民共和国国务院授权的部门的决定,1
证券交易所上市规则,1
国务院证券监督管理机构制定的有关信息披露与交易限制的规范性文件,1
中华人民共和国证券交易场所,1
中华人民共和国国务院证券监督管理机构规定,1
中国证券登记结算有限责任公司,1
证券登记结算机构,1
国务院证券监督管理机构会同国务院财政部门规定,1
国务院的有关规定,1
质量技术监督法律法规,1
国务院赋予的职责,1
工业产品生产许可证试行条例,1
罚款决定与罚款收缴分离实施办法,1
党政机关厉行节约反对浪费条例,1
行政处罚法,1
中华人民共和国航道法,1
国内水路运输管理条例,1
全国人民代表大会常务委员会关于加强网络信息保护的决定,1
电力供应与使用条例,1
电网调度管理条例,1
实施卫生和植物卫生措施协定,1
实施卫生与植物卫生措施协定,1
国际植物保护公约,1
中华人民共和国信托法,1
山东省水资源条例,1
中华人民共和国担保法,1
中华人民共和国内河交通安全管理条例,1
企业国有资产监督管理暂行条例,1
中华人民共和国煤炭法,1
土壤污染防治行动计划,1
水污染防治法实施细则,1
汽车产业发展政策,1
汽车维修质量管理办法,1
中共中央 国务院关于深入打好污染防治攻坚战的意见,1
新污染物治理行动方案,1
国家互联网信息办公室关于个人信息出境标准合同的有关规定,1
个人信息出境安全评估办法,1
个人信息出境标准合同,1
个人信息保护影响评估报告,1
中华人民共和国个人信息保护认证规则,1
中华人民共和国国家市场监督管理总局与国家互联网信息办公室关于建立个人信息出境认证信息共享机制的通知,1
全国认证认可信息公共服务平台,1
中华人民共和国国家互联网信息办公室,1
中华人民共和国国家数据局,1
中华人民共和国国家法律、行政法规有关保密的规定,1
中华人民共和国国家国防科技工业局,1
地方人民政府安全生产监督管理部门信息通报制度,1
标准档案管理相关规定,1
中华人民共和国国务院标准化行政主管部门有关规定,1
省级质量技术监督局或直属出入境检验检疫局,1
中华人民共和国地理标志产品保护具体办法,1
原国家出入境检验检疫局公布的《原产地标记管理规定实施办法》,1
中华人民共和国安全技术防范产品目录,1
中华人民共和国国家有关安全认证制度的规定,1
安全技术防范产品生产登记批准管理办法,1
中华人民共和国法律、行政法规、部门规章及国家标准,1
安全评价机构管理规定,1
中华人民共和国国务院关于进一步加强企业安全生产工作的通知,1
国家标准局和省、自治区、直辖市标准化管理部门制定的具体办法,1
有关法律、行政法规的规定,1
国家安全生产应急救援指挥中心工作职责规定,1
中华人民共和国章程,1
生产经营单位安全培训规定,1
国务院赋予国家质量监督检验检疫总局的职责,1
中华人民共和国法律、中华人民共和国行政法规、国务院规范性文件,1
全国防伪技术产品管理办公室,1
各省、自治区、直辖市质量技术监督部门,1
防伪技术专家委员会,1
国家防伪技术产品管理办公室,1
防伪技术产品生产企业,1
原国家技术监督局1996年1月公布的《防伪技术产品管理办法（试行）》,1
中华人民共和国行业自律标准、中华人民共和国指导性标准,1
中华人民共和国特种作业操作证,1
中华人民共和国负责培训考核的部门,1
中华人民共和国登记管理机关,1
中华人民共和国财政部罚款代收代缴管理办法,1
中华人民共和国财政部 中国人民银行关于代收罚款手续费有关问题的通知,1
罚款票据管理暂行规定,1
违反行政事业性收费和罚没收入收支两条线管理规定行政处分暂行规定,1
网络运营者与儿童监护人之间的协议或合同,1
中华人民共和国相关规范性文件,1
国务院管理节能工作的部门会同国务院有关部门制定的有关规定,1
交通行业实施节约能源法细则,1
中华人民共和国信息公开申请表,1
中华人民共和国国家发展和改革委员会关于印发<政府信息公开信息处理费管理办法>的通知,1
安全生产工作国家秘密范围的规定,1
信访条例,1
煤矿安全监察行政处罚自由裁量实施标准（试行）,1
安全生产监管监察职责和行政执法责任追究的暂行规定,1
公路水运工程质量检测管理信息系统,1
中华人民共和国交通运输部规定的统一格式,1
中华人民共和国交通运输部令2019年第38号 交通运输部关于修改〈公路水运工程试验检测管理办法〉的决定,1
中华人民共和国行政复议法及其实施条例,1
国家煤矿安全监察局统一制定的文书式样,1
中华人民共和国煤矿安全监察行政复议规定,1
中华人民共和国法律、中华人民共和国行政法规和国家强制性标准,1
工程交工质量核验意见,1
中华人民共和国建设工程质量监督机构,1
中华人民共和国公路工程质量监督规定,1
中华人民共和国国家知识产权局专利电子申请系统用户注册协议,1
中华人民共和国专利审查指南,1
中华人民共和国专利法及其实施细则和中华人民共和国专利审查指南,1
中华人民共和国国家知识产权局令第三十五号发布的《关于电子专利申请的规定》,1
中华人民共和国与台湾地区有关知识产权保护的协议,1
中华人民共和国现行法律、法规、规章,1
关于台胞申请专利手续中若干问题的处理办法,1
中华人民共和国专利法及其实施细则,1
专利代理惩戒规则（暂行）,1
中华人民共和国交通运输部有关规定,1
中华人民共和国交通运输部制定的内河运输船舶标准船型指标体系,1
内河运输船舶标准船型指标体系,1
中华人民共和国交通运输部关于公布淘汰船舶名录的通知,1
中华人民共和国船舶检验管理规定,1
中华人民共和国交通部令2001年第8号公布的《内河运输船舶标准化管理规定》,1
缺陷汽车产品召回信息管理系统,1
市场监督管理部门有关投诉举报处理的规定,1
国家企业信用信息公示系统管理规定,1
强制性国家标准,1
中华人民共和国原国家质量监督检验检疫总局令第150号,1
国家市场监督管理总局制定的《工业产品生产单位质量安全管理人员考核指南》,1
中华人民共和国工业和信息化部关于农业机械工业产业政策的制定与实施办法,1
中华人民共和国三包凭证、维护和修理记录、购机发票,1
中华人民共和国国家质量监督检验检疫总局、中华人民共和国国家工商行政管理总局、中华人民共和国农业部、中华人民共和国工业和信息化部,1
GB 5296.3-2008 消费品使用说明 第3部分：化妆品,1
国家质量监督检验检疫总局有关规定,1
全国排污许可证管理信息平台管理规定,1
固定污染源排污许可分类管理名录（2017年版）,1
国家市场监督管理总局制定的《工业产品销售单位质量安全管理人员考核指南》,1
国家发展和改革委员会、环境保护部、工业和信息化部发布的《废弃电器电子产品处理目录》,1
中华人民共和国淘汰落后生产能力、工艺和产品的目录,1
中华人民共和国环境保护部关于废弃电器电子产品处理数据报送与信息公开的管理规定,1
其他相关法律法规,1
中华人民共和国国务院住房城乡建设主管部门,1
中华人民共和国建设部关于安全生产许可证申请表统一式样的规定,1
中华人民共和国国务院安全生产监督管理部门关于安全生产许可证统一式样的规定,1
有关规范、规程,1
中华人民共和国法律、行政法规和国家标准,1
建设工程质量检测管理办法（建设部令第141号）,1
中华人民共和国商标法、中华人民共和国反不正当竞争法、中华人民共和国行政处罚法等,1
中华人民共和国国家有关工程质量保修的法律法规和标准规范,1
中央军事委员会有关规定,1
中华人民共和国林木种子质量标准,1
各省、自治区、直辖市林业主管部门统一规定,1
中华人民共和国毛绒纤维质量公证检验管理办法,1
中华人民共和国禁止使用设备目录,1
原国家技术监督局、国家经济贸易委员会、国家计划委员会、农业部、纺织工业部、商业部联合发布的《羊毛质量监督管理办法》,1
中华人民共和国法律、行政法规和部门规章,1
民用航空行业标准管理办法,1
中华人民共和国法律、中华人民共和国行政法规、国务院标准化管理部门规章及规范性文件,1
中华人民共和国国家工程建设标准化管理的有关规定,1
中国民用航空标准化管理规定,1
国家安全生产监督管理总局规定,1
中华人民共和国国家安全生产监督管理总局有关规定,1
中华人民共和国国家有关危险物品管理的行政法规或规章,1
SY/T 6900-2012 海上石油设施安全评估规范,1
其他有关政府部门,1
原石油工业部1986年颁布的《海洋石油作业安全管理规定》,1
企业名称登记管理规定,1
中华人民共和国增值税暂行条例及其实施细则,1
增值税专用发票使用管理规定,1
发、供电企业税收检查情况通报单,1
中华人民共和国电力安全事故应急处置和调查处理条例,1
原国家电力监管委员会《电力安全生产监管办法》,1
中华人民共和国国家标准或行业标准,1
中华人民共和国省、自治区、直辖市工业和信息化主管部门和其他相关主管部门,1
中华人民共和国进出境检验检疫条例,1
电器电子产品有害物质限制使用限量要求,1
中华人民共和国工业和信息化部职能配置、内设机构和人员编制规定,1
中华人民共和国财政部职能配置、内设机构和人员编制规定,1
中华人民共和国电子信息产品污染控制管理办法,1
中华人民共和国地方电子废物拆解利用处置设施建设规划,1
国家环境保护总局制定的有关技术规范,1
中华人民共和国国家环境保护总局,1
中华人民共和国有关法律、行政法规或者规章,1
无照经营查处取缔办法,1
中华人民共和国国务院关于落实科学发展观加强环境保护的决定,1
中华人民共和国国家法律法规、政策文件,1
中华人民共和国国家能源局派出机构,1
国家能源局关于加强电能质量监督管理的指导意见,1
国家能源局关于电能质量信息报送内容和程序的规定,1
国家能源局及其派出机构、地方各级电力管理部门,1
其他电能质量相关国家标准,1
原电力工业部发布的《电网电能质量技术监督管理规定》,1
国家粮食和储备行政管理部门制定的相关规定,1
国家粮食质量安全风险监测管理规定,1
本级人民政府,1
中华人民共和国国家标准和相关政策文件,1
省级以上粮食和储备行政管理部门,1
县级以上地方粮食和储备行政管理部门,1
中华人民共和国安全生产有关规定,1
国家粮食和储备行政管理部门关于快速检测方法认可的相关规定,1
中华人民共和国国家标准 粮食质量安全检验方法,1
中华人民共和国粮食和储备行政管理部门,1
国家粮食和储备行政管理部门年度监督抽查计划,1
中华人民共和国实行能源效率标识的产品目录,1
中华人民共和国国家质量监督检验检疫总局和中华人民共和国国家发展和改革委员会授权的中国标准化研究院,1
中华人民共和国国家统一规定的能效标识样式、规格以及标注规定,1
中华人民共和国能源效率强制性国家标准,1
中华人民共和国国家发展和改革委员会、中华人民共和国国家质量监督检验检疫总局令第17号发布的《能源效率标识管理办法》,1
中华人民共和国国家发展和改革委员会,1
中华人民共和国各地出入境检验检疫机构,1
中华人民共和国国家发展和改革委员会 中华人民共和国国家质量监督检验检疫总局 中华人民共和国国家认证认可监督管理委员会联合发布文件,1
产品认证机构通用要求,1
节能低碳产品认证部际协调工作机制相关工作规程,1
节能、低碳产品认证规则,1
地方质量技术监督局和地方出入境检验检疫局,1
中华人民共和国相关法律、行政法规和部门规章,1
国家认证认可监督管理委员会关于认证规则备案管理的规定,1
国家发展改革委、国家认监委于2013年2月18日制定发布的《低碳产品认证管理暂行办法》,1
中华人民共和国地方专业纤维检验机构,1
中国纤维质量监测中心,1
中华人民共和国国家标准、中华人民共和国地方标准和国家的有关规定,1
中华人民共和国国家标准、中华人民共和国行业标准、中华人民共和国地方标准以及技术规范,1
中华人民共和国国家标准、中华人民共和国行业标准、中华人民共和国地方标准、中华人民共和国技术规范,1
中华人民共和国国家有关标注标识的其他规定,1
国家知识产权局规章,1
中华人民共和国知识产权管理部门,1
计算机信息网络国际联网管理暂行规定,1
中华人民共和国公安部监制备案表,1
中国版权保护中心制定的统一表格,1
国际标准A4型纸张尺寸规范,1
中华人民共和国国家版权局与中华人民共和国国务院价格主管部门联合发布的收费标准规定文件,1
中国版权保护中心关于计算机软件著作权登记的管理规定,1
中国版权保护中心公告,1
中华人民共和国依法管理的计量器具目录,1
中华人民共和国标准物质管理办法,1
中华人民共和国计量授权管理办法,1
国家质量监督检验检疫总局制定的型式评价技术规范,1
中华人民共和国国家计量检定规程,1
中华人民共和国国家质量监督检验检疫总局或省级质量技术监督部门,1
计量违法行为处罚细则,1
中华人民共和国进口计量器具监督管理办法,1
中华人民共和国国家认可的检测方法和标准,1
中华人民共和国法律法规和海关总署有关规定,1
国家认证认可监督管理部门能力验证规定,1
中华人民共和国缔结或者参加的双边或者多边条约、协定和其他具有条约性质的文件,1
中华人民共和国国家技术规范的强制性要求,1
中华人民共和国海关总署相关规定,1
口岸查验的相关规定,1
国家质量监督检验检疫总局关于发布《进口旧机电产品检验监督程序规定》的公告,1
世界贸易组织关于实施卫生和植物卫生措施协定,1
中华人民共和国进境一、二类动物传染病寄生虫名录,1
世界动物卫生组织（WOAH）国际标准、准则和建议,1
国际植物保护公约（IPPC）,1
国际植物保护公约组织制定的国际植物检疫措施建议,1
中国进出境动植物检疫风险分析委员会,1
相关输出国家或者地区官方植物检疫部门,1
道路运输车辆技术管理规定,1
有关道路运输的法律、法规及规章,1
地质勘探安全规程,1
等法律法规,1
国务院金融管理部门关于证券基金期货投资者适当性的有关规定,1
金融产品适当性管理办法（试行）,1
中华人民共和国危险物品运输管理规定,1
含多氯联苯(PCBS)废物的暂存库和集中封存库设计规范,1
含多氯联苯(PCBS)水质、土壤污染控制值(暂定)进行使用和管理(附件三),1
中华人民共和国能源部和国家环境保护局,1
中华人民共和国国家知识产权局关于地理标志保护的有关规定,1
国家工商行政管理局1994年12月30日发布的《集体商标、证明商标注册和管理办法》,1
设区的市级安全生产监督管理部门,1
国家知识产权局商标评审委员会,1
中华人民共和国国家工商行政管理总局关于公布《驰名商标认定和保护规定》的公告,1
中华人民共和国监督抽验管理办法,1
中华人民共和国中国纤维质量监测中心制定办法,1
麻类纤维质量信用评定办法,1
中华人民共和国国家有关麻类纤维标准,1
中华人民共和国地下水管理条例,1
中华人民共和国水资源税改革试点实施办法,1
东营市发展和改革委员会与有关部门联合制定的相关文件,1
中华人民共和国国家标准 汽车和挂车类型的术语和定义,1
中华人民共和国国家标准 乘用车燃料消耗量评价方法及指标,1
新能源乘用车车型积分计算方法,1
中华人民共和国工业和信息化部、财政部、商务部、海关总署、国家市场监督管理总局联合建立乘用车企业平均燃料消耗量与新能源汽车积分信用管理制度,1
中华人民共和国工业和信息化部信息公开办法,1
中华人民共和国车辆生产企业及产品准入管理办法,1
中华人民共和国关于加强乘用车企业平均燃料消耗量管理的通知,1
中华人民共和国市场监督管理总局关于抽样机构授权委托书的规范要求,1
中华人民共和国县级市场监督管理部门,1
市场监督管理部门授权委托书,1
产品质量监督抽查管理暂行办法监督抽查实施细则,1
中华人民共和国市场监督管理总局职能配置、内设机构和人员编制规定,1
中华人民共和国原国家工商行政管理总局令第85号公布的《流通领域商品质量监督管理办法》,1
交通运输和相关统一信用信息共享平台,1
建设工程文件归档规范,1
合同文件,1
中华人民共和国交通运输部令2016年第9号修改的《公路水运工程安全生产监督管理办法》,1
中华人民共和国地方公安机关,1
中华人民共和国公安机关批准登记管理办法,1
有关法律、法规、规章,1
中华人民共和国国家质量技术监督局、中华人民共和国公安部,1
原国家安全生产监督管理局〈国家煤矿安全监察局〉令第20号,1
国务院有关安全生产监督管理的规定,1
行政机关公务员处分条例,1
省、自治区、直辖市人民代表大会及其常务委员会或者省、自治区、直辖市人民政府制定的关于地方安全生产监督管理部门及其内设机构、行政执法人员责任追究的规定,1
煤矿安全监察行政处罚办法,1
国家安全生产监督管理总局关于统一制作煤矿安全监察员证的通知,1
生产安全事故罚款处罚规定（试行）,1
原国家安全生产监督管理局（国家煤矿安全监察局）2001年4月27日公布的《煤矿安全监察程序暂行规定》,1
中华人民共和国政务信息共享促进条例,1
本级安全生产监督管理部门,1
原国家安全生产监督管理局（国家煤矿安全监察局）2004年5月17日公布、国家安全生产监督管理总局2015年6月8日修改的《煤矿企业安全生产许可证实施办法》,1
中华人民共和国纤维质量监督管理条例,1
中华人民共和国行政执法过错责任追究条例,1
中华人民共和国进出口商品检验法及其实施条例,1
中华人民共和国海关总署规定,1
中华人民共和国双边协议、议定书、备忘录以及其他双边协定,1
中华人民共和国检验检疫证书,1
海关总署公告2020年第129号,1
中华人民共和国海关总署公告2020年第129号,1
中华人民共和国海关总署关于信息备案管理的相关规定,1
中国其他法律法规,1
贸易合同或者信用证中注明的检疫要求,1
中华人民共和国进出境货物检验检疫管理规定,1
中华人民共和国国境卫生检疫法及其实施条例,1
进出境非食用动物产品检验检疫管理规定,1
国务院金融管理部门关于金融产品适当性管理的相关规定,1
中华人民共和国相关法规及监管制度,1
中国保险资产管理业协会,1
国家金融监督管理总局,1
原国家安全生产监督管理局（国家煤矿安全监察局）公布的《非煤矿山企业安全生产许可证实施办法》,1
中华人民共和国国家知识产权局与其他国家或者地区专利审查机构签订的双边或者多边协议,1
发明专利申请优先审查管理办法,1
国家知识产权局统一制订的专利实施许可合同范本,1
国家知识产权局令第十八号发布的《专利实施许可合同备案管理办法》,1
中华人民共和国专利局令第八号发布的《专利权质押合同登记管理暂行办法》,1
国家知识产权局令第二十九号发布的《专利标记和专利号标注方式的规定》,1
中华人民共和国管理专利工作的部门,1
中华人民共和国管理专利工作的部门作出的认定侵权行为成立的处理决定书,1
管理专利工作的部门受理通知书,1
管理专利工作的部门出具的撤销案件通知书,1
中华人民共和国人民政府管理专利工作的部门,1
中华人民共和国国家知识产权局令第十九号发布的《专利行政执法办法》,1
国家质量监督检验检疫总局另行制定的相关规定,1
国家质量监督检验检疫总局关于修改〈中华人民共和国工业产品生产许可证管理条例实施办法〉的决定,1
船舶污染事故报告书,1
中华人民共和国国家海事管理机构组织的培训规定,1
中华人民共和国船舶污染事故认定书,1
国家海上溢油应急处置部际联席会议,1
中华人民共和国新闻发布的相关规定,1
国家海事管理机构,1
中华人民共和国省级交通主管部门所属的海事管理机构,1
中华人民共和国内河海事行政处罚规定,1
中华人民共和国船舶安全营运和防止污染管理规则,1
海事管理机构,1
法律、行政法规、有关标准,1
船舶排放控制区大气污染防治控制要求,1
中华人民共和国法律、中华人民共和国行政法规、国务院交通运输主管部门的规定、中华人民共和国缔结或者加入的国际条约,1
中华人民共和国海事局关于船舶污染物接收与处理管理的规定,1
中华人民共和国海事行政许可条件规定,1
中华人民共和国海事管理机构公布的具有相应安全装卸和污染物处理能力的码头、装卸站名单,1
中华人民共和国海上交通安全法和防治船舶污染海洋环境管理条例及相关技术规范,1
中华人民共和国海事管理机构特别规定,1
法律、行政法规和国务院决定,1
国家知识产权局关于专利代理机构变更登记的公告,1
中华人民共和国专利代理职业道德与执业纪律规范,1
专利代理管理系统,1
世界贸易组织公开信息平台,1
中华人民共和国国家知识产权局关于专利实施强制许可程序的有关规定,1
司法机关或者反垄断执法机构依法将专利权人行使专利权的行为认定为垄断行为的判决或者决定,1
国家知识产权局令第三十七号发布的《涉及公共健康问题的专利实施强制许可办法》,1
中华人民共和国国家发展和改革委员会、中华人民共和国商务部、中华人民共和国生态环境部及其授权部门进口许可证件管理范围,1
加工贸易管理办法,1
中华人民共和国海关关于进出口货物退运的管理规定,1
中华人民共和国海关关于加工贸易边角料、节余料件、残次品、副产品和受灾保税货物的管理办法,1
中华人民共和国海关监管场所管理办法,1
国家主管部门或者法律法规授权的计量检定机构,1
中华人民共和国海关暂时进出境货物管理办法,1
中华人民共和国海关事务担保条例,1
中华人民共和国海关化验管理规定,1
中华人民共和国海关行政处罚实施条例,1
中华人民共和国缔结或者加入的有关国际条约,1
中华人民共和国国家有关防治船舶及其有关作业活动污染海洋环境的规范和标准,1
国家有关防治污染规定,1
中华人民共和国国家海事管理机构公布的船舶污染清除协议样本,1
中华人民共和国交通运输部规定,1
中华人民共和国法律、行政法规、规范、标准,1
中华人民共和国国家规定的防污染技术标准,1
中华人民共和国污染危害性货物过驳作业管理规定,1
中华人民共和国污染危害性货物过驳作业管理要求,1
中华人民共和国直属海事管理机构,1
中华人民共和国事故发生地海事管理机构,1
中华人民共和国事故发现地海事管理机构,1
中华人民共和国共同的上级海事管理机构,1
所在地省级市场监督管理部门,1
原国家质量监督检验检疫总局令第167号发布的《中国质量奖管理办法》,1
国家安全生产方针政策及有关法律法规、标准等,1
国务院国有资产监督管理委员会,1
中华人民共和国国务院国有资产监督管理委员会关于中央企业安全生产应急管理的指导意见,1
国家和行业有关规定,1
中华人民共和国国务院关于实施国家突发公共事件总体应急预案的决定,1
国家和行业的有关规定,1
国家突发环境事件应急预案,1
中央企业节能减排监督管理暂行办法,1
中华人民共和国知识产权相关法律法规,1
国家统一的企业标准信息公共服务平台,1
国家知识产权局关于推动知识产权证券化工作的指导意见,1
企业标准信息公共服务平台,1
国外先进标准,1
中华人民共和国国家标准ＧＢＩ《标准化工作导则》,1
省、自治区、直辖市人民政府关于企业产品标准备案的具体规定,1
中华人民共和国企业产品标准备案管理办法,1
国家标准总局关于颁发《工业企业标准化工作管理办法（试行）》的通知,1
中华人民共和国技术委员会章程,1
中华人民共和国国家有关财务制度的规定,1
中华人民共和国财政部有关财政资金管理规定,1
中华人民共和国审计机关,1
技术委员会章程,1
国务院标准化行政主管部门以前发布的部门规章,1
中华人民共和国地方人民政府负有冶金有色安全生产监管职责的部门,1
起重机械定期检验规则,1
工业企业煤气安全规程,1
爆炸危险环境电力装置设计规范,1
国家安全生产监督管理总局令第26号,1
冶金企业安全生产监督管理规定,1
医疗器械不良事件监测和再评价管理办法,1
医疗器械使用质量管理制度,1
中华人民共和国食品药品监督管理法,1
医疗器械临床试验质量管理规范,1
国家卫生和计划生育委员会的有关规定,1
中华人民共和国国家标准 GB/T 19001 质量管理体系 要求,1
中华人民共和国医药行业标准 YY/T 0287 医疗器械质量管理体系 用于法规的要求,1
医疗器械生产企业质量体系考核报告,1
质量体系考核企业自查表,1
国家安全生产监督管理总局关于公布涉及危险化工工艺和重点监管危险化学品的企业名单的通知,1
建筑设计防火规范,1
石油化工企业设计防火规范,1
中华人民共和国国家标准法,1
危险化学品重大危险源辨识,1
危险化学品重大危险源监督管理暂行规定,1
中华人民共和国省级安全生产监督管理部门,1
中华人民共和国县级安全生产监督管理部门,1
中华人民共和国国家安全生产监督管理总局备案管理办法,1
原国家安全生产监督管理局（国家煤矿安全监察局）2004年5月17日公布的《危险化学品生产企业安全生产许可证实施办法》,1
环境保护标准,1
符合环境保护规定要求的场所或者设施,1
国家煤炭管理部门商有关部门制定的具体办法,1
中华人民共和国商品煤标识（GB/T25209-2010）,1
中华人民共和国国家发展和改革委员会 国家能源局,1
政务信息共享平台管理办法,1
市场监督管理严重违法失信名单管理办法,1
中华人民共和国合法营业证明,1
中华人民共和国印刷业管理条例,1
国家工商行政管理局1996年9月5日发布的《商标印制管理办法》,1
国家知识产权局关于印发《商标评审规则》的通知,1
国家知识产权局规定,1
中华人民共和国婴幼儿配方乳粉食品安全国家标准,1
全国固体废物污染环境防治信息平台,1
中华人民共和国生态环境保护有关法律法规和强制性标准,1
中华人民共和国自然保护区条例及其他需要特别保护区域的管理规定,1
中华人民共和国国务院生态环境主管部门有关规定,1
防治尾矿污染环境管理规定,1
国家市场监督管理总局指定计划,1
中华人民共和国国家市场监督管理总局官方网站,1
国家强制性产品认证规范和认证规则,1
中华人民共和国经授权的国务院有关部门对外签署的国际互认协议,1
国家市场监督管理总局规定,1
中华人民共和国市场监管总局或其授权的有关部门对外签署的国际互认协议,1
中华人民共和国市场监管总局,1
具体产品认证规则,1
国家市场监督管理总局指定实验室管理办法,1
中华人民共和国强制性产品认证实施规则,1
中华人民共和国对外援助法,1
中国认证认可协会认证人员注册机构管理办法,1
国家质量监督检验检疫总局2001年12月3日公布的《强制性产品认证管理规定》,1
中华人民共和国法律、行政法规和强制性国家标准,1
中华人民共和国国务院关于修改〈中华人民共和国专利法实施细则〉的决定,1
中华人民共和国全国人民代表大会常务委员会关于修改〈中华人民共和国专利法〉的决定,1
中华人民共和国农业部与国家认证认可监督管理委员会联合发布文件,1
中华人民共和国无公害农产品产地环境标准,1
无公害农产品生产技术标准,1
无公害农产品生产管理规范,1
无公害农产品质量控制与记录管理规定,1
中华人民共和国农业投入品禁用与淘汰目录,1
中华人民共和国农业部和国家认证认可监督管理委员会,1
中华人民共和国农业部和国家认证认可监督管理委员会公告,1
中华人民共和国无公害农产品标志管理办法,1
中华人民共和国农业部、中华人民共和国国家质量监督检验检疫总局、国家认证认可监督管理委员会,1
省、自治区、直辖市人民政府确定的部门,1
相关法律、行政法规,1
中华人民共和国无照经营查处取缔办法,1
中国有机产品国家标准,1
中华人民共和国国家对外签署的国际合作协议,1
中华人民共和国国家标准 产品认证机构通用要求,1
中华人民共和国国家标准 有机产品 生产、加工、标识和管理体系要求,1
有机产品认证目录,1
国家认证认可监督管理委员会确定的信息系统,1
中华人民共和国有机产品产品标识,1
国家认证认可监督管理委员会规定,1
有机产品国家标准,1
国家认证认可监督管理委员会关于统一有机产品认证标志编号规则的规定,1
国家质检总局2004年11月5日公布的《有机产品认证管理办法》,1
中华人民共和国国家质量监督检验检疫总局、中华人民共和国国家发展和改革委员会、中华人民共和国水利部共同授权的中国标准化研究院,1
中华人民共和国相关产品水效强制性国家标准,1
中华人民共和国国家认可机构管理办法,1
国家统一规定的水效标识样式（基本样式见附件）,1
中华人民共和国国家发展和改革委员会、中华人民共和国水利部、中华人民共和国国家质量监督检验检疫总局,1
国务院发布的土壤污染防治行动计划,1
中华人民共和国国家环境标准和技术规范,1
国家环境保护总局制定的技术规范,1
国家环境保护总局指定的环境监测仪器检测机构适用性检测合格的产品,1
国家有关污染源在线自动监控（监测）系统数据传输和接口标准的技术规范,1
国家有关环境监测技术规范,1
中华人民共和国环境污染治理设施运营资质许可管理办法,1
中华人民共和国水污染防治法实施细则,1
中华人民共和国生态环境部规章,1
中华人民共和国环境污染治理设施运营资质管理办法,1
污染源自动监控设施现场监督检查技术规范,1
环境保护产品认证管理办法,1
环境污染治理设施运营资质许可管理办法,1
国家发展和改革委员会关于完善脱硫脱硝电价政策的通知,1
中华人民共和国国家标准 机动车辆及挂车分类,1
信息安全技术 网络安全等级保护基本要求,1
国家互联网信息办公室、工业和信息化部、公安部、交通运输部联合发布的相关文件,1
中华人民共和国当地物价部门规定的收费标准,1
公安部消防局,1
消防产品认证机构和实验室管理工作规则,1
技术鉴定,1
行业标准,1
中华人民共和国公安部建设工程消防监督管理规定,1
消防产品现场检查判定规则,1
中华人民共和国公安部公安机关办理行政案件程序规定,1
国家安全生产监督管理总局关于安全生产许可证统一编号的规定,1
烟花爆竹工程设计安全规范,1
烟花爆竹企业安全监控系统通用技术条件,1
烟花爆竹安全与质量（GB10631）,1
国家有关烟花爆竹流向信息化管理的规定,1
中华人民共和国法律、中华人民共和国行政法规、中华人民共和国规章、中华人民共和国国家标准、中华人民共和国行业标准,1
原国家安全生产监督管理局、国家煤矿安全监察局2004年5月17日公布的《烟花爆竹生产企业安全生产许可证实施办法》,1
中华人民共和国安全生产责任保险条例,1
全国统一的烟花爆竹流向管理信息系统,1
国家安全生产监督管理总局、国家煤矿安全监察局,1
国务院总值班室,1
中华人民共和国法律、法规、规章以及中华人民共和国国务院及地方各级人民政府应急管理部门和其他负有安全生产监督管理职责的部门的应急预案,1
中华人民共和国国家标准 生产安全事故应急演练指南,1
国家应急物资储备管理办法,1
生产安全事故应急演练基本规范,1
中华人民共和国应急管理部,1
省级煤矿安全监察机构,1
省级煤矿安全监察机构所属分局,1
相关法律、法规和规章,1
国家安全生产监督管理总局和国家煤矿安全监察局,1
《国际承认用于专利程序的微生物保藏布达佩斯条约》,1
中华人民共和国生物安全法、中华人民共和国进出境动植物检疫法、中华人民共和国海关法等,1
中华人民共和国专利局公告第八号发布的《中国典型培养物中心用于专利程序的微生物保藏办法》,1
中华人民共和国中国纤维检验局,1
国家质量监督检验检疫总局令第89号发布的《絮用纤维制品质量监督管理办法》,1
中华人民共和国市场监管总局规章,1
中华人民共和国国家标准《汽车和挂车类型的术语和定义》,1
国家密码管理局,1
相关关键信息基础设施保护工作部门,1
网络产品和服务安全审查办法（试行）,1
网络食品安全违法行为查处办法,1
国家药品监督管理局制定的统一药品追溯标准和规范,1
药品经营质量管理规范及其现场检查指导原则,1
设区的市级药品监督管理部门,1
中华人民共和国国家有关药品管理的行政法规、规章及规范性文件,1
中华人民共和国国家有关放射性药品管理的行政法规或规范性文件,1
省级以上药品监督管理部门规定,1
药品网络销售监督管理有关规定,1
中国共产党纪律检查机关监督执纪工作规则,1
中华人民共和国疫苗管理法、中华人民共和国药品管理法、中华人民共和国麻醉药品和精神药品管理条例、中华人民共和国放射性污染防治法、易制毒化学品管理条例等,1
中华人民共和国原国家食品药品监督管理局令第26号公布的《药品流通监督管理办法》,1
国务院民用航空主管部门会同国务院建设主管部门公布的专业工程范围文件,1
运输机场建设管理规定,1
中华人民共和国民用航空局委托的质量监督机构,1
中华人民共和国法律、中华人民共和国行政法规、有关技术标准、设计文件、合同约定,1
运输机场专业工程建设合同示范文本,1
有关法律、法规和规章,1
民航专业工程质量监督管理规定,1
国务院办公厅印发的《新污染物治理行动方案》,1
国家铁路局关于设立地区铁路监督管理局的决定,1
国家铁路局,1
中华人民共和国建设工程勘察设计管理条例,1
中华人民共和国依法实行许可或者认证规定,1
国家和行业有关规程、规范和标准,1
中华人民共和国依法实行许可或认证管理办法,1
中华人民共和国法律法规、相关行业规章,1
中华人民共和国铁路交通事故应急救援和调查处理条例,1
铁路建设工程质量管理规定,1
中华人民共和国产品质量法、中华人民共和国行政许可法、中华人民共和国标准化法、中华人民共和国行业标准管理办法、中华人民共和国技术规范管理办法,1
缺陷产品召回管理条例,1
国家铁路局统计机构,1
安装或者维修说明等技术资料,1
中华人民共和国法律、行政法规、规章,1
铁路交通事故应急救援和调查处理条例,1
无障碍设计规范（GB 50763）,1
国家有关规范性文件,1
国家铁路局关于运输服务质量问题分类标准的规定,1
中国银行业监督管理委员会关于个人理财业务的相关规定,1
中国银行业监督管理委员会审慎监管指标管理办法,1
国际财务报告准则,1
中国银行业监督管理委员会地方派出机构,1
国际及国内市场惯例,1
中华人民共和国商业银行市场风险资本计量内部模型法监管指引,1
中华人民共和国商业银行资本充足率管理办法,1
中国银行业监督管理委员会关于信息披露的规定,1
中华人民共和国外资银行管理条例,1
中华人民共和国部门规章,1
中华人民共和国国家有关少数民族文字使用的规定,1
国家市场监督管理总局发布的其他相关规定,1
原卫生部公布的《保健食品标识规定》,1
中华人民共和国有关法律、行政法规、国家标准或者行业标准,1
冷库安全规程,1
中华人民共和国国家食品安全主体责任管理制度,1
中华人民共和国食品安全标准,1
中华人民共和国国家市场监督管理总局有关规定,1
中华人民共和国本行政区域的食品相关产品质量安全风险监测方案,1
中华人民共和国有关要求,1
中华人民共和国卫生行政部门,1
中华人民共和国有关消毒剂质量安全监督管理的法律法规或规范性文件,1
中华人民共和国食品药品监督管理局,1
中华人民共和国农业农村部关于食用农产品包装管理的相关规定,1
食品安全国家标准 食品标签通用标准,1
食品安全标准,1
食品生产许可管理办法,1
食品经营许可管理办法,1
中华人民共和国食品安全事故应急预案,1
中华人民共和国食品安全法及其实施条例,1
中华人民共和国相关法律法规及纪律规定,1
中华人民共和国专利代理师代表,1
国家知识产权局制定的考试政策和考务管理制度,1
专利代理师资格考试大纲,1
中华人民共和国学位条例,1
考场管理机系统操作规范,1
国家教育考试违规处理办法,1
国家知识产权局,1
专利代理师资格考试考务管理办法,1
国家知识产权局与考试服务方签订的委托合同,1
国家知识产权局关于专利代理师资格考试管理的相关规定,1
中华人民共和国国家知识产权局令第49号发布的《专利代理人资格考试违纪行为处理办法》,1
国家有关经营异常名录管理的规定,1
国家有关严重违法失信名单管理的规定,1
行政处罚程序,1
国家知识产权局令第25号发布的《专利代理惩戒规则（试行）》,1
每日锅炉质量安全检查记录,1
国家市场监督管理总局制定的《锅炉质量安全管理人员考核指南》,1
每日压力容器质量安全检查记录,1
国家市场监督管理总局制定的《压力容器质量安全管理人员考核指南》,1
每日气瓶质量安全检查记录,1
国家市场监督管理总局制定的《气瓶质量安全管理人员考核指南》,1
每日压力管道质量安全检查记录,1
国家市场监督管理总局制定的《压力管道质量安全管理人员考核指南》,1
每日电梯质量安全检查记录,1
国家市场监督管理总局制定的《电梯质量安全管理人员考核指南》,1
每日起重机械质量安全检查记录,1
国家市场监督管理总局制定的《起重机械质量安全管理人员考核指南》,1
每日客运索道质量安全检查记录,1
国家市场监督管理总局制定的《客运索道质量安全管理人员考核指南》,1
每日大型游乐设施质量安全检查记录,1
国家市场监督管理总局制定的《大型游乐设施质量安全管理人员考核指南》,1
每日场车质量安全检查记录,1
国家市场监督管理总局制定的《场车质量安全管理人员考核指南》,1
网络数据安全管理条例,1
职业病防治法,1
专利法,1
中华人民共和国清洁生产促进法,1
固体废物污染环境防治法,1
中华人民共和国黄河保护法,1
中华人民共和国海上交通安全法,1
中华人民共和国疫苗管理法,1
中华人民共和国价格法第十四条,1
中华人民共和国环境保护税法,1
中华人民共和国废弃电器电子产品回收处理管理条例,1
中华人民共和国计算机软件保护条例,1
中华人民共和国矿山安全法,1
中华人民共和国军事设施保护法,1
中华人民共和国放射性污染防治法,1
